example_id,conversation_id,customer_message,conversation_context,true_intent,expected_action,escalation_reason,notes,timestamp,brand,reference_brand_response
gold_001,10001708,@AppleSupport shared family Apple ID is locked and my kids cannot download apps,,apple_id_icloud,ESCALATE,Account or billing requests need an authenticated specialist; the agent cannot take those actions.,Primary intent from construction + labeling guide; single developer annotator. expected_action=ESCALATE (Account or billing requests need an authenticated specialist; the agent cannot take those actions.),Wed Oct 04 07:48:00 +0000 2017,AppleSupport,"@USER Sign-in loops after a restore often mean the Apple ID is still in a security lock. Try another network, then iforgot.apple.com. If it still fails, this has to go to account recovery."
gold_002,10001544,@AppleSupport someone is trying to access my Apple ID. I got emails about it. what do I do,,apple_id_icloud,ESCALATE,Account or billing requests need an authenticated specialist; the agent cannot take those actions.,Primary intent from construction + labeling guide; single developer annotator. expected_action=ESCALATE (Account or billing requests need an authenticated specialist; the agent cannot take those actions.),Wed Oct 04 00:06:00 +0000 2017,AppleSupport,"@USER Please do not share passwords or security questions on Twitter. Reach us via DM with the Apple ID email only, and we will share the official recovery link."
gold_003,10001568,@AppleSupport keep getting Apple ID verification popups I cannot dismiss on iPhone 6s,,apple_id_icloud,ESCALATE,Account or billing requests need an authenticated specialist; the agent cannot take those actions.,Primary intent from construction + labeling guide; single developer annotator. expected_action=ESCALATE (Account or billing requests need an authenticated specialist; the agent cannot take those actions.),Wed Oct 04 01:16:00 +0000 2017,AppleSupport,"@USER Please do not share passwords or security questions on Twitter. Reach us via DM with the Apple ID email only, and we will share the official recovery link."
gold_004,10001706,@AppleSupport I never set up two-factor but now I'm blocked from my Apple ID,,apple_id_icloud,ESCALATE,Account or billing requests need an authenticated specialist; the agent cannot take those actions.,Primary intent from construction + labeling guide; single developer annotator. expected_action=ESCALATE (Account or billing requests need an authenticated specialist; the agent cannot take those actions.),Wed Oct 04 07:41:00 +0000 2017,AppleSupport,"@USER Please do not share passwords or security questions on Twitter. Reach us via DM with the Apple ID email only, and we will share the official recovery link."
gold_005,10001698,@AppleSupport Apple ID says locked for security reasons. I did not change anything,,apple_id_icloud,ESCALATE,Account or billing requests need an authenticated specialist; the agent cannot take those actions.,Primary intent from construction + labeling guide; single developer annotator. expected_action=ESCALATE (Account or billing requests need an authenticated specialist; the agent cannot take those actions.),Wed Oct 04 07:20:00 +0000 2017,AppleSupport,"@USER If you suspect someone else is accessing the Apple ID, change the password from a trusted device if you still can, and review appleid.apple.com > Devices. DM us if you are fully locked out."
gold_006,10001736,@AppleSupport I never set up two-factor but now I'm blocked from my Apple ID,,apple_id_icloud,ESCALATE,Account or billing requests need an authenticated specialist; the agent cannot take those actions.,Primary intent from construction + labeling guide; single developer annotator. expected_action=ESCALATE (Account or billing requests need an authenticated specialist; the agent cannot take those actions.),Wed Oct 04 09:05:00 +0000 2017,AppleSupport,"@USER If you suspect someone else is accessing the Apple ID, change the password from a trusted device if you still can, and review appleid.apple.com > Devices. DM us if you are fully locked out."
gold_007,10001246,@AppleSupport iCloud sign-in loop on iPhone 7 after restore. it just shakes and fails,,apple_id_icloud,ESCALATE,Account or billing requests need an authenticated specialist; the agent cannot take those actions.,Primary intent from construction + labeling guide; single developer annotator. expected_action=ESCALATE (Account or billing requests need an authenticated specialist; the agent cannot take those actions.),Tue Oct 03 10:13:00 +0000 2017,AppleSupport,"@USER Sign-in loops after a restore often mean the Apple ID is still in a security lock. Try another network, then iforgot.apple.com. If it still fails, this has to go to account recovery."
gold_008,10001398,@AppleSupport Apple ID says locked for security reasons. I did not change anything,,apple_id_icloud,ESCALATE,Account or billing requests need an authenticated specialist; the agent cannot take those actions.,Primary intent from construction + labeling guide; single developer annotator. expected_action=ESCALATE (Account or billing requests need an authenticated specialist; the agent cannot take those actions.),Tue Oct 03 17:20:00 +0000 2017,AppleSupport,"@USER If you suspect someone else is accessing the Apple ID, change the password from a trusted device if you still can, and review appleid.apple.com > Devices. DM us if you are fully locked out."
gold_009,10001260,@AppleSupport my Apple ID is locked and the reset email never arrives. This is so frustrating.,customer: @AppleSupport following up — no change | brand: @USER Thanks for the extra detail. We are still looking at this with you.,apple_id_icloud,ESCALATE,Account or billing requests need an authenticated specialist; the agent cannot take those actions.,Primary intent from construction + labeling guide; single developer annotator. expected_action=ESCALATE (Account or billing requests need an authenticated specialist; the agent cannot take those actions.),Tue Oct 03 11:35:00 +0000 2017,AppleSupport,"@USER If you suspect someone else is accessing the Apple ID, change the password from a trusted device if you still can, and review appleid.apple.com > Devices. DM us if you are fully locked out."
gold_010,10001230,@AppleSupport my Apple ID is locked and the reset email never arrives. pls fix,customer: @AppleSupport still happening after I restarted | brand: @USER Sorry it is not resolved yet. Let's try the next step.,apple_id_icloud,ESCALATE,Account or billing requests need an authenticated specialist; the agent cannot take those actions.,Primary intent from construction + labeling guide; single developer annotator. expected_action=ESCALATE (Account or billing requests need an authenticated specialist; the agent cannot take those actions.),Tue Oct 03 10:11:00 +0000 2017,AppleSupport,"@USER Please do not share passwords or security questions on Twitter. Reach us via DM with the Apple ID email only, and we will share the official recovery link."
gold_011,10001264,@AppleSupport I cannot sign in to iCloud on my new MacBook Pro. password is correct,,apple_id_icloud,ESCALATE,Account or billing requests need an authenticated specialist; the agent cannot take those actions.,Primary intent from construction + labeling guide; single developer annotator. expected_action=ESCALATE (Account or billing requests need an authenticated specialist; the agent cannot take those actions.),Tue Oct 03 11:02:00 +0000 2017,AppleSupport,@USER We want to help with your Apple ID. Please DM us the Apple ID email address (not the password) so we can point you to the right iforgot.apple.com steps. We cannot unlock accounts on Twitter.
gold_012,10001614,@AppleSupport iCloud keychain and Apple ID keep asking me to sign in every 10 minutes,,apple_id_icloud,ESCALATE,Account or billing requests need an authenticated specialist; the agent cannot take those actions.,Primary intent from construction + labeling guide; single developer annotator. expected_action=ESCALATE (Account or billing requests need an authenticated specialist; the agent cannot take those actions.),Wed Oct 04 03:22:00 +0000 2017,AppleSupport,@USER We want to help with your Apple ID. Please DM us the Apple ID email address (not the password) so we can point you to the right iforgot.apple.com steps. We cannot unlock accounts on Twitter.
gold_013,10001650,@AppleSupport my Apple ID is locked and the reset email never arrives.,customer: @AppleSupport still happening after I restarted | brand: @USER Thanks for the extra detail. We are still looking at this with you.,apple_id_icloud,ESCALATE,Account or billing requests need an authenticated specialist; the agent cannot take those actions.,Primary intent from construction + labeling guide; single developer annotator. expected_action=ESCALATE (Account or billing requests need an authenticated specialist; the agent cannot take those actions.),Wed Oct 04 05:47:00 +0000 2017,AppleSupport,@USER We want to help with your Apple ID. Please DM us the Apple ID email address (not the password) so we can point you to the right iforgot.apple.com steps. We cannot unlock accounts on Twitter.
gold_014,10001506,@AppleSupport two-factor is sending codes to a phone I no longer have. locked out,,apple_id_icloud,ESCALATE,Account or billing requests need an authenticated specialist; the agent cannot take those actions.,Primary intent from construction + labeling guide; single developer annotator. expected_action=ESCALATE (Account or billing requests need an authenticated specialist; the agent cannot take those actions.),Tue Oct 03 22:21:00 +0000 2017,AppleSupport,"@USER Please do not share passwords or security questions on Twitter. Reach us via DM with the Apple ID email only, and we will share the official recovery link."
gold_015,10001494,@AppleSupport iCloud keychain and apple ID keep asking me to sign in every 10 minutes,,apple_id_icloud,ESCALATE,Account or billing requests need an authenticated specialist; the agent cannot take those actions.,Primary intent from construction + labeling guide; single developer annotator. expected_action=ESCALATE (Account or billing requests need an authenticated specialist; the agent cannot take those actions.),Tue Oct 03 21:46:00 +0000 2017,AppleSupport,"@USER Please do not share passwords or security questions on Twitter. Reach us via DM with the Apple ID email only, and we will share the official recovery link."
gold_016,10001414,@AppleSupport I cannot sign in to iCloud on my new iPad Pro. password is correct,,apple_id_icloud,ESCALATE,Account or billing requests need an authenticated specialist; the agent cannot take those actions.,Primary intent from construction + labeling guide; single developer annotator. expected_action=ESCALATE (Account or billing requests need an authenticated specialist; the agent cannot take those actions.),Tue Oct 03 18:02:00 +0000 2017,AppleSupport,@USER We want to help with your Apple ID. Please DM us the Apple ID email address (not the password) so we can point you to the right iforgot.apple.com steps. We cannot unlock accounts on Twitter.
gold_017,10003424,@AppleSupport I restored my iPhone 8 and all my photos are gone.,,backup_storage,ESCALATE,Possible data loss or backup recovery needs a specialist.,Primary intent from construction + labeling guide; single developer annotator. expected_action=ESCALATE (Possible data loss or backup recovery needs a specialist.),Sat Oct 07 15:50:00 +0000 2017,AppleSupport,"@USER We cannot roll iCloud backups backward to last week from this channel. If a newer backup overwrote the old one, a specialist has to review what (if anything) can be recovered."
gold_018,10003096,@AppleSupport iCloud backup failed every night this week on iPhone 6s,,backup_storage,AUTO_HANDLE,,Primary intent from construction + labeling guide; single developer annotator. expected_action=AUTO_HANDLE (Storage / backup explanation without confirmed data-loss language.),Sat Oct 07 00:33:00 +0000 2017,AppleSupport,"@USER Restore stuck: stay on Wi-Fi and power. If it does not move for several hours, we should look at a computer-based restore. Do you have a Mac or PC available?"
gold_019,10003068,@AppleSupport Messages disappeared after restore. can they come back from iCloud,,backup_storage,ESCALATE,Possible data loss or backup recovery needs a specialist.,Primary intent from construction + labeling guide; single developer annotator. expected_action=ESCALATE (Possible data loss or backup recovery needs a specialist.),Fri Oct 06 23:16:00 +0000 2017,AppleSupport,"@USER Backup failed: Settings > [your name] > iCloud > iCloud Backup. If it says not enough storage, that is the blocker. We cannot expand storage from Twitter; you would change the plan in Settings."
gold_020,10003284,@AppleSupport photos not uploading to iCloud from iPhone 8 Plus for 3 days,,backup_storage,AUTO_HANDLE,,Primary intent from construction + labeling guide; single developer annotator. expected_action=AUTO_HANDLE (Storage / backup explanation without confirmed data-loss language.),Sat Oct 07 09:18:00 +0000 2017,AppleSupport,"@USER Restore stuck: stay on Wi-Fi and power. If it does not move for several hours, we should look at a computer-based restore. Do you have a Mac or PC available?"
gold_021,10003400,@AppleSupport not enough iCloud storage to backup and i already deleted videos,customer: @AppleSupport still happening after I restarted | brand: @USER Sorry it is not resolved yet. Let's try the next step.,backup_storage,AUTO_HANDLE,,Primary intent from construction + labeling guide; single developer annotator. expected_action=AUTO_HANDLE (Storage / backup explanation without confirmed data-loss language.),Sat Oct 07 15:27:00 +0000 2017,AppleSupport,"@USER iCloud storage numbers include Mail, backups, and iCloud Drive, not just photo count. Check Settings > [your name] > iCloud > Manage Storage and tell us what the biggest items are."
gold_022,10003044,@AppleSupport photos not uploading to iCloud from iPhone 7 Plus for 3 days,,backup_storage,AUTO_HANDLE,,Primary intent from construction + labeling guide; single developer annotator. expected_action=AUTO_HANDLE (Storage / backup explanation without confirmed data-loss language.),Fri Oct 06 22:06:00 +0000 2017,AppleSupport,"@USER Backup failed: Settings > [your name] > iCloud > iCloud Backup. If it says not enough storage, that is the blocker. We cannot expand storage from Twitter; you would change the plan in Settings."
gold_023,10003274,@AppleSupport I restored my iPhone 8 and all my photos are gone. I already tried restarting.,,backup_storage,ESCALATE,Possible data loss or backup recovery needs a specialist.,Primary intent from construction + labeling guide; single developer annotator. expected_action=ESCALATE (Possible data loss or backup recovery needs a specialist.),Sat Oct 07 08:50:00 +0000 2017,AppleSupport,"@USER We cannot roll iCloud backups backward to last week from this channel. If a newer backup overwrote the old one, a specialist has to review what (if anything) can be recovered."
gold_024,10003300,@AppleSupport iCloud says I am out of storage but I only have a few hundred photos,customer: @AppleSupport I already tried that yesterday | brand: @USER Thanks for the extra detail. We are still looking at this with you.,backup_storage,AUTO_HANDLE,,Primary intent from construction + labeling guide; single developer annotator. expected_action=AUTO_HANDLE (Storage / backup explanation without confirmed data-loss language.),Sat Oct 07 10:47:00 +0000 2017,AppleSupport,"@USER iCloud storage numbers include Mail, backups, and iCloud Drive, not just photo count. Check Settings > [your name] > iCloud > Manage Storage and tell us what the biggest items are."
gold_025,10003176,@AppleSupport restore from iCloud is stuck at 18% for hours,,backup_storage,AUTO_HANDLE,,Primary intent from construction + labeling guide; single developer annotator. expected_action=AUTO_HANDLE (Storage / backup explanation without confirmed data-loss language.),Sat Oct 07 04:17:00 +0000 2017,AppleSupport,"@USER iCloud storage numbers include Mail, backups, and iCloud Drive, not just photo count. Check Settings > [your name] > iCloud > Manage Storage and tell us what the biggest items are."
gold_026,10003090,@AppleSupport iCloud says I am out of storage but I only have a few hundred photos,customer: @AppleSupport still happening after I restarted | brand: @USER Thanks for the extra detail. We are still looking at this with you.,backup_storage,AUTO_HANDLE,,Primary intent from construction + labeling guide; single developer annotator. expected_action=AUTO_HANDLE (Storage / backup explanation without confirmed data-loss language.),Sat Oct 07 00:59:00 +0000 2017,AppleSupport,"@USER Photos missing after a restore may still be in iCloud.com > Photos. Please check there before we assume data loss. If they are not, this needs a specialist — do not keep restoring."
gold_027,10003506,@AppleSupport restore from iCloud is stuck at 40% for hours,,backup_storage,AUTO_HANDLE,,Primary intent from construction + labeling guide; single developer annotator. expected_action=AUTO_HANDLE (Storage / backup explanation without confirmed data-loss language.),Sat Oct 07 19:41:00 +0000 2017,AppleSupport,"@USER Backup failed: Settings > [your name] > iCloud > iCloud Backup. If it says not enough storage, that is the blocker. We cannot expand storage from Twitter; you would change the plan in Settings."
gold_028,10003466,@AppleSupport i paid for 200GB but backup still says storage full,,backup_storage,AUTO_HANDLE,,Primary intent from construction + labeling guide; single developer annotator. expected_action=AUTO_HANDLE (Storage / backup explanation without confirmed data-loss language.),Sat Oct 07 17:49:00 +0000 2017,AppleSupport,"@USER Photos missing after a restore may still be in iCloud.com > Photos. Please check there before we assume data loss. If they are not, this needs a specialist — do not keep restoring."
gold_029,10003018,@AppleSupport how do I recover contacts I lost when I set up iPad Pro as new,,backup_storage,AUTO_HANDLE,,Primary intent from construction + labeling guide; single developer annotator. expected_action=AUTO_HANDLE (Information / how-to request that can be answered from public documentation patterns.),Fri Oct 06 20:56:00 +0000 2017,AppleSupport,"@USER Backup failed: Settings > [your name] > iCloud > iCloud Backup. If it says not enough storage, that is the blocker. We cannot expand storage from Twitter; you would change the plan in Settings."
gold_030,10003174,@AppleSupport I turned on iCloud Photos and now originals vanished from iPhone 6s,,backup_storage,AUTO_HANDLE,,Primary intent from construction + labeling guide; single developer annotator. expected_action=AUTO_HANDLE (Storage / backup explanation without confirmed data-loss language.),Sat Oct 07 04:10:00 +0000 2017,AppleSupport,"@USER We cannot roll iCloud backups backward to last week from this channel. If a newer backup overwrote the old one, a specialist has to review what (if anything) can be recovered."
gold_031,10003148,"@AppleSupport I need last week's backup, not the one from this morning that overwrote it",,backup_storage,AUTO_HANDLE,,Primary intent from construction + labeling guide; single developer annotator. expected_action=AUTO_HANDLE (Storage / backup explanation without confirmed data-loss language.),Sat Oct 07 03:00:00 +0000 2017,AppleSupport,"@USER We cannot roll iCloud backups backward to last week from this channel. If a newer backup overwrote the old one, a specialist has to review what (if anything) can be recovered."
gold_032,10003520,@AppleSupport not enough iCloud storage to backup and I already deleted videos,customer: @AppleSupport I already tried that yesterday | brand: @USER Thanks for the extra detail. We are still looking at this with you.,backup_storage,AUTO_HANDLE,,Primary intent from construction + labeling guide; single developer annotator. expected_action=AUTO_HANDLE (Storage / backup explanation without confirmed data-loss language.),Sat Oct 07 21:03:00 +0000 2017,AppleSupport,"@USER Restore stuck: stay on Wi-Fi and power. If it does not move for several hours, we should look at a computer-based restore. Do you have a Mac or PC available?"
gold_033,10002230,@AppleSupport iCloud storage billed me after I turned it off. please refund,customer: @AppleSupport still happening after I restarted | brand: @USER Thanks for the extra detail. We are still looking at this with you.,billing_subscription,ESCALATE,Account or billing requests need an authenticated specialist; the agent cannot take those actions.,Primary intent from construction + labeling guide; single developer annotator. expected_action=ESCALATE (Account or billing requests need an authenticated specialist; the agent cannot take those actions.),Thu Oct 05 08:51:00 +0000 2017,AppleSupport,"@USER For Apple Music / iCloud subscriptions, check Settings > [your name] > Subscriptions. If you already cancelled and were billed again, DM us the Apple ID email so a specialist can review."
gold_034,10002006,@AppleSupport my receipt shows two App Store purchases I did not make,,billing_subscription,ESCALATE,Account or billing requests need an authenticated specialist; the agent cannot take those actions.,Primary intent from construction + labeling guide; single developer annotator. expected_action=ESCALATE (Account or billing requests need an authenticated specialist; the agent cannot take those actions.),Wed Oct 04 21:41:00 +0000 2017,AppleSupport,"@USER For Apple Music / iCloud subscriptions, check Settings > [your name] > Subscriptions. If you already cancelled and were billed again, DM us the Apple ID email so a specialist can review."
gold_035,10001934,@AppleSupport duplicate iTunes charge on my card today. I only bought one album,,billing_subscription,ESCALATE,Account or billing requests need an authenticated specialist; the agent cannot take those actions.,Primary intent from construction + labeling guide; single developer annotator. expected_action=ESCALATE (Account or billing requests need an authenticated specialist; the agent cannot take those actions.),Wed Oct 04 18:18:00 +0000 2017,AppleSupport,@USER Duplicate charges: please keep the receipt emails and file via reportaproblem.apple.com. Do not post full card numbers here. We cannot reverse a bank charge from this channel.
gold_036,10002074,@AppleSupport there is a charge I did not authorize on my App Store account,,billing_subscription,ESCALATE,Account or billing requests need an authenticated specialist; the agent cannot take those actions.,Primary intent from construction + labeling guide; single developer annotator. expected_action=ESCALATE (Account or billing requests need an authenticated specialist; the agent cannot take those actions.),Thu Oct 05 00:50:00 +0000 2017,AppleSupport,"@USER Kid / Family Sharing purchases: the organizer can turn on Ask to Buy. For the charge that already posted, use reportaproblem.apple.com — we cannot refund it in this thread."
gold_037,10002116,@AppleSupport subscription I never signed up for is renewing. billed again,,billing_subscription,ESCALATE,Account or billing requests need an authenticated specialist; the agent cannot take those actions.,Primary intent from construction + labeling guide; single developer annotator. expected_action=ESCALATE (Account or billing requests need an authenticated specialist; the agent cannot take those actions.),Thu Oct 05 02:49:00 +0000 2017,AppleSupport,"@USER Unexpected App Store charges should be reviewed from reportaproblem.apple.com. If a purchase was accidental, start there. We cannot confirm a refund until that form is processed."
gold_038,10002026,@AppleSupport subscription I never signed up for is renewing. billed again,,billing_subscription,ESCALATE,Account or billing requests need an authenticated specialist; the agent cannot take those actions.,Primary intent from construction + labeling guide; single developer annotator. expected_action=ESCALATE (Account or billing requests need an authenticated specialist; the agent cannot take those actions.),Wed Oct 04 22:37:00 +0000 2017,AppleSupport,"@USER We can help look at a charge, but we cannot issue refunds on Twitter. Please DM the Apple ID email on the receipt (not a screenshot of your full card) and the date of the charge."
gold_039,10002350,@AppleSupport iCloud storage billed me after I turned it off. please refund,customer: @AppleSupport that did not work | brand: @USER Thanks for the extra detail. We are still looking at this with you.,billing_subscription,ESCALATE,Account or billing requests need an authenticated specialist; the agent cannot take those actions.,Primary intent from construction + labeling guide; single developer annotator. expected_action=ESCALATE (Account or billing requests need an authenticated specialist; the agent cannot take those actions.),Thu Oct 05 14:27:00 +0000 2017,AppleSupport,"@USER We can help look at a charge, but we cannot issue refunds on Twitter. Please DM the Apple ID email on the receipt (not a screenshot of your full card) and the date of the charge."
gold_040,10005452,@AppleSupport I cannot download apps because of a billing problem on my Apple ID. charged me mystery items,,billing_subscription,ESCALATE,Account or billing requests need an authenticated specialist; the agent cannot take those actions.,Billing blocked downloads; billing_subscription over apple_id_icloud. expected_action=ESCALATE (Account or billing requests need an authenticated specialist; the agent cannot take those actions.),Wed Oct 11 15:09:00 +0000 2017,AppleSupport,@USER Duplicate charges: please keep the receipt emails and file via reportaproblem.apple.com. Do not post full card numbers here. We cannot reverse a bank charge from this channel.
gold_041,10001978,@AppleSupport I requested a refund 5 days ago and have heard nothing. still charged,,billing_subscription,ESCALATE,Account or billing requests need an authenticated specialist; the agent cannot take those actions.,Primary intent from construction + labeling guide; single developer annotator. expected_action=ESCALATE (Account or billing requests need an authenticated specialist; the agent cannot take those actions.),Wed Oct 04 20:24:00 +0000 2017,AppleSupport,"@USER Unexpected App Store charges should be reviewed from reportaproblem.apple.com. If a purchase was accidental, start there. We cannot confirm a refund until that form is processed."
gold_042,10002194,@AppleSupport there is a charge I did not authorize on my App Store account,,billing_subscription,ESCALATE,Account or billing requests need an authenticated specialist; the agent cannot take those actions.,Primary intent from construction + labeling guide; single developer annotator. expected_action=ESCALATE (Account or billing requests need an authenticated specialist; the agent cannot take those actions.),Thu Oct 05 06:26:00 +0000 2017,AppleSupport,"@USER For Apple Music / iCloud subscriptions, check Settings > [your name] > Subscriptions. If you already cancelled and were billed again, DM us the Apple ID email so a specialist can review."
gold_043,10002284,@AppleSupport there is a charge I did not authorize on my App Store account,,billing_subscription,ESCALATE,Account or billing requests need an authenticated specialist; the agent cannot take those actions.,Primary intent from construction + labeling guide; single developer annotator. expected_action=ESCALATE (Account or billing requests need an authenticated specialist; the agent cannot take those actions.),Thu Oct 05 10:38:00 +0000 2017,AppleSupport,@USER Duplicate charges: please keep the receipt emails and file via reportaproblem.apple.com. Do not post full card numbers here. We cannot reverse a bank charge from this channel.
gold_044,10001808,@AppleSupport how do I get a refund for an app my kid bought by accident,,billing_subscription,ESCALATE,Account or billing requests need an authenticated specialist; the agent cannot take those actions.,Primary intent from construction + labeling guide; single developer annotator. expected_action=ESCALATE (Account or billing requests need an authenticated specialist; the agent cannot take those actions.),Wed Oct 04 12:28:00 +0000 2017,AppleSupport,@USER Duplicate charges: please keep the receipt emails and file via reportaproblem.apple.com. Do not post full card numbers here. We cannot reverse a bank charge from this channel.
gold_045,10002374,@AppleSupport there is a charge I did not authorize on my App Store account,,billing_subscription,ESCALATE,Account or billing requests need an authenticated specialist; the agent cannot take those actions.,Primary intent from construction + labeling guide; single developer annotator. expected_action=ESCALATE (Account or billing requests need an authenticated specialist; the agent cannot take those actions.),Thu Oct 05 14:50:00 +0000 2017,AppleSupport,"@USER Kid / Family Sharing purchases: the organizer can turn on Ask to Buy. For the charge that already posted, use reportaproblem.apple.com — we cannot refund it in this thread."
gold_046,10002330,@AppleSupport Apple Music family plan billed my personal card not the organizer,customer: @AppleSupport that did not work | brand: @USER Thanks for the extra detail. We are still looking at this with you.,billing_subscription,ESCALATE,Account or billing requests need an authenticated specialist; the agent cannot take those actions.,Primary intent from construction + labeling guide; single developer annotator. expected_action=ESCALATE (Account or billing requests need an authenticated specialist; the agent cannot take those actions.),Thu Oct 05 13:31:00 +0000 2017,AppleSupport,"@USER For Apple Music / iCloud subscriptions, check Settings > [your name] > Subscriptions. If you already cancelled and were billed again, DM us the Apple ID email so a specialist can review."
gold_047,10002106,@AppleSupport I cancelled Apple Music last month but you still billed me,,billing_subscription,ESCALATE,Account or billing requests need an authenticated specialist; the agent cannot take those actions.,Primary intent from construction + labeling guide; single developer annotator. expected_action=ESCALATE (Account or billing requests need an authenticated specialist; the agent cannot take those actions.),Thu Oct 05 02:21:00 +0000 2017,AppleSupport,"@USER For Apple Music / iCloud subscriptions, check Settings > [your name] > Subscriptions. If you already cancelled and were billed again, DM us the Apple ID email so a specialist can review."
gold_048,10002028,@AppleSupport charged for an in-app purchase that failed to deliver. want a refund,,billing_subscription,ESCALATE,Account or billing requests need an authenticated specialist; the agent cannot take those actions.,Primary intent from construction + labeling guide; single developer annotator. expected_action=ESCALATE (Account or billing requests need an authenticated specialist; the agent cannot take those actions.),Wed Oct 04 22:44:00 +0000 2017,AppleSupport,"@USER Unexpected App Store charges should be reviewed from reportaproblem.apple.com. If a purchase was accidental, start there. We cannot confirm a refund until that form is processed."
gold_049,10002894,@AppleSupport Wi-Fi greyed out on iPhone X. cannot toggle it at all,,connectivity,AUTO_HANDLE,,Primary intent from construction + labeling guide; single developer annotator. expected_action=AUTO_HANDLE (Generic troubleshooting is historically handled in-thread without account access.),Fri Oct 06 15:06:00 +0000 2017,AppleSupport,"@USER CarPlay disconnects: test with a different cable if wired, or forget the car in Settings > General > CarPlay. Tell us whether it is wired or wireless and the car year."
gold_050,10002968,@AppleSupport personal hotspot drains and disconnects when my laptop joins,,connectivity,AUTO_HANDLE,,Primary intent from construction + labeling guide; single developer annotator. expected_action=AUTO_HANDLE (Generic troubleshooting is historically handled in-thread without account access.),Fri Oct 06 18:36:00 +0000 2017,AppleSupport,"@USER CarPlay disconnects: test with a different cable if wired, or forget the car in Settings > General > CarPlay. Tell us whether it is wired or wireless and the car year."
gold_051,10002506,@AppleSupport hotspot from iPhone 7 connects then loses internet immediately,,connectivity,AUTO_HANDLE,,Primary intent from construction + labeling guide; single developer annotator. expected_action=AUTO_HANDLE (Generic troubleshooting is historically handled in-thread without account access.),Thu Oct 05 21:01:00 +0000 2017,AppleSupport,"@USER CarPlay disconnects: test with a different cable if wired, or forget the car in Settings > General > CarPlay. Tell us whether it is wired or wireless and the car year."
gold_052,10002700,@AppleSupport MacBook Pro will not stay connected to Wi-Fi. drops every few minutes,customer: @AppleSupport I already tried that yesterday | brand: @USER Sorry it is not resolved yet. Let's try the next step.,connectivity,AUTO_HANDLE,,Primary intent from construction + labeling guide; single developer annotator. expected_action=AUTO_HANDLE (Generic troubleshooting is historically handled in-thread without account access.),Fri Oct 06 06:47:00 +0000 2017,AppleSupport,"@USER Let's isolate Wi-Fi vs device. Forget the network (Settings > Wi-Fi > i), reboot the router, then rejoin. Does another device stay connected to the same network?"
gold_053,10002466,@AppleSupport CarPlay disconnects as soon as I start driving. iOS 10.3.3,,connectivity,AUTO_HANDLE,,Primary intent from construction + labeling guide; single developer annotator. expected_action=AUTO_HANDLE (Generic troubleshooting is historically handled in-thread without account access.),Thu Oct 05 19:09:00 +0000 2017,AppleSupport,"@USER For Bluetooth drops, forget the accessory, toggle Bluetooth, and pair again while the case is open. Which accessory and iOS version are we looking at?"
gold_054,10002488,@AppleSupport personal hotspot drains and disconnects when my laptop joins,,connectivity,AUTO_HANDLE,,Primary intent from construction + labeling guide; single developer annotator. expected_action=AUTO_HANDLE (Generic troubleshooting is historically handled in-thread without account access.),Thu Oct 05 20:12:00 +0000 2017,AppleSupport,"@USER Let's isolate Wi-Fi vs device. Forget the network (Settings > Wi-Fi > i), reboot the router, then rejoin. Does another device stay connected to the same network?"
gold_055,10002486,@AppleSupport Wi-Fi calling dropped 4 times today on iPhone 7 Plus,,connectivity,AUTO_HANDLE,,Primary intent from construction + labeling guide; single developer annotator. expected_action=AUTO_HANDLE (Generic troubleshooting is historically handled in-thread without account access.),Thu Oct 05 20:05:00 +0000 2017,AppleSupport,@USER AirDrop needs Wi-Fi + Bluetooth on and the receiver set to Contacts Only or Everyone for 10 minutes. Are both devices signed into iCloud?
gold_056,10002806,@AppleSupport hotspot from iPhone 8 Plus connects then loses internet immediately,,connectivity,AUTO_HANDLE,,Primary intent from construction + labeling guide; single developer annotator. expected_action=AUTO_HANDLE (Generic troubleshooting is historically handled in-thread without account access.),Fri Oct 06 11:01:00 +0000 2017,AppleSupport,"@USER CarPlay disconnects: test with a different cable if wired, or forget the car in Settings > General > CarPlay. Tell us whether it is wired or wireless and the car year."
gold_057,10002460,@AppleSupport MacBook Pro will not stay connected to Wi-Fi. drops every few minutes,customer: @AppleSupport I already tried that yesterday | brand: @USER Thanks for the extra detail. We are still looking at this with you.,connectivity,AUTO_HANDLE,,Primary intent from construction + labeling guide; single developer annotator. expected_action=AUTO_HANDLE (Generic troubleshooting is historically handled in-thread without account access.),Thu Oct 05 19:35:00 +0000 2017,AppleSupport,@USER AirDrop needs Wi-Fi + Bluetooth on and the receiver set to Contacts Only or Everyone for 10 minutes. Are both devices signed into iCloud?
gold_058,10002934,@AppleSupport cannot pair Apple Watch to iPhone 7 Plus. Bluetooth dance fails,,connectivity,AUTO_HANDLE,,Primary intent from construction + labeling guide; single developer annotator. expected_action=AUTO_HANDLE (Generic troubleshooting is historically handled in-thread without account access.),Fri Oct 06 16:58:00 +0000 2017,AppleSupport,"@USER If Wi-Fi is greyed out, try a force restart. If the toggle stays grey, that can be hardware or a deeper software fault — we may need a support ticket."
gold_059,10002970,@AppleSupport iPhone 8 Plus will not stay connected to Wi-Fi. drops every few minutes,customer: @AppleSupport still happening after I restarted | brand: @USER Sorry it is not resolved yet. Let's try the next step.,connectivity,AUTO_HANDLE,,Primary intent from construction + labeling guide; single developer annotator. expected_action=AUTO_HANDLE (Generic troubleshooting is historically handled in-thread without account access.),Fri Oct 06 19:23:00 +0000 2017,AppleSupport,"@USER If Wi-Fi is greyed out, try a force restart. If the toggle stays grey, that can be hardware or a deeper software fault — we may need a support ticket."
gold_060,10002578,@AppleSupport personal hotspot drains and disconnects when my laptop joins,,connectivity,AUTO_HANDLE,,Primary intent from construction + labeling guide; single developer annotator. expected_action=AUTO_HANDLE (Generic troubleshooting is historically handled in-thread without account access.),Fri Oct 06 00:24:00 +0000 2017,AppleSupport,"@USER For Bluetooth drops, forget the accessory, toggle Bluetooth, and pair again while the case is open. Which accessory and iOS version are we looking at?"
gold_061,10002504,@AppleSupport Wi-Fi greyed out on MacBook Pro. cannot toggle it at all,,connectivity,AUTO_HANDLE,,Primary intent from construction + labeling guide; single developer annotator. expected_action=AUTO_HANDLE (Generic troubleshooting is historically handled in-thread without account access.),Thu Oct 05 20:54:00 +0000 2017,AppleSupport,"@USER For Bluetooth drops, forget the accessory, toggle Bluetooth, and pair again while the case is open. Which accessory and iOS version are we looking at?"
gold_062,10002874,@AppleSupport cannot pair Apple Watch to iPhone 6s. Bluetooth dance fails,,connectivity,AUTO_HANDLE,,Primary intent from construction + labeling guide; single developer annotator. expected_action=AUTO_HANDLE (Generic troubleshooting is historically handled in-thread without account access.),Fri Oct 06 14:10:00 +0000 2017,AppleSupport,@USER AirDrop needs Wi-Fi + Bluetooth on and the receiver set to Contacts Only or Everyone for 10 minutes. Are both devices signed into iCloud?
gold_063,10002608,@AppleSupport personal hotspot drains and disconnects when my laptop joins,,connectivity,AUTO_HANDLE,,Primary intent from construction + labeling guide; single developer annotator. expected_action=AUTO_HANDLE (Generic troubleshooting is historically handled in-thread without account access.),Fri Oct 06 01:48:00 +0000 2017,AppleSupport,"@USER If Wi-Fi is greyed out, try a force restart. If the toggle stays grey, that can be hardware or a deeper software fault — we may need a support ticket."
gold_064,10002886,@AppleSupport CarPlay disconnects as soon as I start driving. iOS 11.0,,connectivity,AUTO_HANDLE,,Primary intent from construction + labeling guide; single developer annotator. expected_action=AUTO_HANDLE (Generic troubleshooting is historically handled in-thread without account access.),Fri Oct 06 14:45:00 +0000 2017,AppleSupport,@USER AirDrop needs Wi-Fi + Bluetooth on and the receiver set to Contacts Only or Everyone for 10 minutes. Are both devices signed into iCloud?
gold_065,10000990,@AppleSupport MacBook Pro battery drains to 0% in 2 hours with almost no use,customer: @AppleSupport following up — no change | brand: @USER Thanks for the extra detail. We are still looking at this with you.,hardware_device,ESCALATE,Hardware issues often require inspection; default to a human.,Primary intent from construction + labeling guide; single developer annotator. expected_action=ESCALATE (Hardware issues often require inspection; default to a human.),Mon Oct 02 22:59:00 +0000 2017,AppleSupport,"@USER Battery drain like that is worth checking. Settings > Battery shows usage. If health is unexpectedly low, a Genius Bar battery diagnostic is the next step. We cannot book that here."
gold_066,10000688,@AppleSupport my iPhone 6 screen is unresponsive in the bottom third. hardware?,,hardware_device,ESCALATE,Hardware issues often require inspection; default to a human.,Primary intent from construction + labeling guide; single developer annotator. expected_action=ESCALATE (Hardware issues often require inspection; default to a human.),Mon Oct 02 08:12:00 +0000 2017,AppleSupport,"@USER Sorry your iPad is acting up. Try an untested cable and wall adapter that meets Apple spec. If it still will not charge, this likely needs a hardware check — we recommend an Apple Store / authorized service appointment."
gold_067,10001038,@AppleSupport dropped iPad from waist height and now dead pixels. covered?,,hardware_device,ESCALATE,Hardware issues often require inspection; default to a human.,Primary intent from construction + labeling guide; single developer annotator. expected_action=ESCALATE (Hardware issues often require inspection; default to a human.),Tue Oct 03 00:32:00 +0000 2017,AppleSupport,"@USER Sorry your iPad Pro is acting up. Try an untested cable and wall adapter that meets Apple spec. If it still will not charge, this likely needs a hardware check — we recommend an Apple Store / authorized service appointment."
gold_068,10000816,@AppleSupport screen on my iPhone 7 Plus has dead pixels. is this a hardware defect?,,hardware_device,ESCALATE,Hardware issues often require inspection; default to a human.,Primary intent from construction + labeling guide; single developer annotator. expected_action=ESCALATE (Hardware issues often require inspection; default to a human.),Mon Oct 02 14:09:00 +0000 2017,AppleSupport,"@USER Battery drain like that is worth checking. Settings > Battery shows usage. If health is unexpectedly low, a Genius Bar battery diagnostic is the next step. We cannot book that here."
gold_069,10000790,@AppleSupport my apple Watch will not turn on at all. apple logo then black,customer: @AppleSupport still happening after I restarted | brand: @USER Sorry it is not resolved yet. Let's try the next step.,hardware_device,ESCALATE,Likely in-person hardware service; do not auto-promise coverage.,Primary intent from construction + labeling guide; single developer annotator. expected_action=ESCALATE (Likely in-person hardware service; do not auto-promise coverage.),Mon Oct 02 13:39:00 +0000 2017,AppleSupport,"@USER Battery drain like that is worth checking. Settings > Battery shows usage. If health is unexpectedly low, a Genius Bar battery diagnostic is the next step. We cannot book that here."
gold_070,10000698,@AppleSupport iPhone 8 gets burning hot even when I'm just texting. This is so frustrating.,,hardware_device,ESCALATE,Hardware issues often require inspection; default to a human.,Primary intent from construction + labeling guide; single developer annotator. expected_action=ESCALATE (Hardware issues often require inspection; default to a human.),Mon Oct 02 08:40:00 +0000 2017,AppleSupport,"@USER Overheating while idle is not expected. Remove any case, check for background apps, and if it continues, stop using it and get it inspected — especially if the battery looks swollen."
gold_071,10000984,"@AppleSupport iPhone 8 Plus randomly reboots during the day. not after an update, been on this ios for months",,hardware_device,ESCALATE,Hardware issues often require inspection; default to a human.,Primary intent from construction + labeling guide; single developer annotator. expected_action=ESCALATE (Hardware issues often require inspection; default to a human.),Mon Oct 02 21:58:00 +0000 2017,AppleSupport,"@USER If the device will not power on, try a force restart. If you only get the Apple logo then black, it needs in-person service. Backup first if iTunes/Finder still sees it."
gold_072,10000784,@AppleSupport my iPad Pro wont charge. tried 3 cables and 2 bricks. It's been two days.,,hardware_device,ESCALATE,Hardware issues often require inspection; default to a human.,Primary intent from construction + labeling guide; single developer annotator. expected_action=ESCALATE (Hardware issues often require inspection; default to a human.),Mon Oct 02 12:38:00 +0000 2017,AppleSupport,"@USER If the device will not power on, try a force restart. If you only get the Apple logo then black, it needs in-person service. Backup first if iTunes/Finder still sees it."
gold_073,10000744,"@AppleSupport iPhone 8 Plus randomly reboots during the day. not after an update, been on this ios for months",,hardware_device,ESCALATE,Hardware issues often require inspection; default to a human.,Primary intent from construction + labeling guide; single developer annotator. expected_action=ESCALATE (Hardware issues often require inspection; default to a human.),Mon Oct 02 10:46:00 +0000 2017,AppleSupport,@USER A line or blotch on the display is usually hardware. Please back up the device and book a service appointment. We will not guess whether it is covered until they inspect it.
gold_074,10001124,@AppleSupport Touch ID / home button on iPhone 8 Plus stopped working this morning,,hardware_device,ESCALATE,Hardware issues often require inspection; default to a human.,Primary intent from construction + labeling guide; single developer annotator. expected_action=ESCALATE (Hardware issues often require inspection; default to a human.),Tue Oct 03 04:30:00 +0000 2017,AppleSupport,"@USER Overheating while idle is not expected. Remove any case, check for background apps, and if it continues, stop using it and get it inspected — especially if the battery looks swollen."
gold_075,10000620,@AppleSupport battery health already 23% after 11 months on iPhone X,customer: @AppleSupport still happening after I restarted | brand: @USER Thanks for the extra detail. We are still looking at this with you.,hardware_device,ESCALATE,Hardware issues often require inspection; default to a human.,Primary intent from construction + labeling guide; single developer annotator. expected_action=ESCALATE (Hardware issues often require inspection; default to a human.),Mon Oct 02 05:43:00 +0000 2017,AppleSupport,"@USER If the device will not power on, try a force restart. If you only get the Apple logo then black, it needs in-person service. Backup first if iTunes/Finder still sees it."
gold_076,10000970,@AppleSupport my iPhone 6s will not turn on at all. apple logo then black,customer: @AppleSupport following up — no change | brand: @USER Thanks for the extra detail. We are still looking at this with you.,hardware_device,ESCALATE,Likely in-person hardware service; do not auto-promise coverage.,Primary intent from construction + labeling guide; single developer annotator. expected_action=ESCALATE (Likely in-person hardware service; do not auto-promise coverage.),Mon Oct 02 22:03:00 +0000 2017,AppleSupport,"@USER If the device will not power on, try a force restart. If you only get the Apple logo then black, it needs in-person service. Backup first if iTunes/Finder still sees it."
gold_077,10001166,@AppleSupport charging port on iPhone X is loose. only charges at a certain angle,,hardware_device,ESCALATE,Hardware issues often require inspection; default to a human.,Primary intent from construction + labeling guide; single developer annotator. expected_action=ESCALATE (Hardware issues often require inspection; default to a human.),Tue Oct 03 06:29:00 +0000 2017,AppleSupport,"@USER Battery drain like that is worth checking. Settings > Battery shows usage. If health is unexpectedly low, a Genius Bar battery diagnostic is the next step. We cannot book that here."
gold_078,10000774,"@AppleSupport MacBook Pro randomly reboots during the day. not after an update, been on this ios for months",,hardware_device,ESCALATE,Hardware issues often require inspection; default to a human.,Primary intent from construction + labeling guide; single developer annotator. expected_action=ESCALATE (Hardware issues often require inspection; default to a human.),Mon Oct 02 12:10:00 +0000 2017,AppleSupport,"@USER Overheating while idle is not expected. Remove any case, check for background apps, and if it continues, stop using it and get it inspected — especially if the battery looks swollen."
gold_079,10000724,@AppleSupport my iPhone X won't charge. tried 3 cables and 2 bricks. Please help.,,hardware_device,ESCALATE,Likely in-person hardware service; do not auto-promise coverage.,Primary intent from construction + labeling guide; single developer annotator. expected_action=ESCALATE (Likely in-person hardware service; do not auto-promise coverage.),Mon Oct 02 09:50:00 +0000 2017,AppleSupport,"@USER Overheating while idle is not expected. Remove any case, check for background apps, and if it continues, stop using it and get it inspected — especially if the battery looks swollen."
gold_080,10001168,@AppleSupport my iPhone X screen is unresponsive in the bottom third. hardware?,,hardware_device,ESCALATE,Hardware issues often require inspection; default to a human.,Primary intent from construction + labeling guide; single developer annotator. expected_action=ESCALATE (Hardware issues often require inspection; default to a human.),Tue Oct 03 06:36:00 +0000 2017,AppleSupport,@USER A line or blotch on the display is usually hardware. Please back up the device and book a service appointment. We will not guess whether it is covered until they inspect it.
gold_081,10004294,@AppleSupport where is Do Not Disturb on iPhone 6?,,how_to_feature,AUTO_HANDLE,,Primary intent from construction + labeling guide; single developer annotator. expected_action=AUTO_HANDLE (Information / how-to request that can be answered from public documentation patterns.),Mon Oct 09 08:26:00 +0000 2017,AppleSupport,"@USER Do Not Disturb is in Settings > Do Not Disturb, and also in Control Center (moon icon). On iOS 11.0 you can schedule it there."
gold_082,10004420,@AppleSupport how do I stop Notes from using cellular data,customer: @AppleSupport I already tried that yesterday | brand: @USER Thanks for the extra detail. We are still looking at this with you.,how_to_feature,AUTO_HANDLE,,Primary intent from construction + labeling guide; single developer annotator. expected_action=AUTO_HANDLE (Information / how-to request that can be answered from public documentation patterns.),Mon Oct 09 15:03:00 +0000 2017,AppleSupport,"@USER Screen recording is in Control Center on iOS 11.2: Settings > Control Center > Customize, add Screen Recording."
gold_083,10004310,@AppleSupport what does the little moon icon mean in the status bar,customer: @AppleSupport still happening after I restarted | brand: @USER Thanks for the extra detail. We are still looking at this with you.,how_to_feature,AUTO_HANDLE,,Primary intent from construction + labeling guide; single developer annotator. expected_action=AUTO_HANDLE (Information / how-to request that can be answered from public documentation patterns.),Mon Oct 09 09:55:00 +0000 2017,AppleSupport,"@USER Screenshot: on iPad with Face ID, press side + volume up together. On devices with a Home button, side/top + Home."
gold_084,10004326,@AppleSupport does iPhone X support wireless charging?,,how_to_feature,AUTO_HANDLE,,Primary intent from construction + labeling guide; single developer annotator. expected_action=AUTO_HANDLE (Information / how-to request that can be answered from public documentation patterns.),Mon Oct 09 09:57:00 +0000 2017,AppleSupport,"@USER Screenshot: on iPad Pro with Face ID, press side + volume up together. On devices with a Home button, side/top + Home."
gold_085,10004670,@AppleSupport what does the little moon icon mean in the status bar,customer: @AppleSupport I already tried that yesterday | brand: @USER Sorry it is not resolved yet. Let's try the next step.,how_to_feature,AUTO_HANDLE,,Primary intent from construction + labeling guide; single developer annotator. expected_action=AUTO_HANDLE (Information / how-to request that can be answered from public documentation patterns.),Tue Oct 10 02:43:00 +0000 2017,AppleSupport,"@USER Screenshot: on iPhone 7 Plus with Face ID, press side + volume up together. On devices with a Home button, side/top + Home."
gold_086,10004344,@AppleSupport can I use two WhatsApp accounts on MacBook Pro,,how_to_feature,AUTO_HANDLE,,Primary intent from construction + labeling guide; single developer annotator. expected_action=AUTO_HANDLE (Information / how-to request that can be answered from public documentation patterns.),Mon Oct 09 10:46:00 +0000 2017,AppleSupport,@USER Battery usage by app: Settings > Battery. Let it collect for a few hours after a reboot for a fair picture.
gold_087,10004774,@AppleSupport where is Do Not Disturb on iPhone 6s?,,how_to_feature,AUTO_HANDLE,,Primary intent from construction + labeling guide; single developer annotator. expected_action=AUTO_HANDLE (Information / how-to request that can be answered from public documentation patterns.),Tue Oct 10 06:50:00 +0000 2017,AppleSupport,"@USER Do Not Disturb is in Settings > Do Not Disturb, and also in Control Center (moon icon). On iOS 11.0.1 you can schedule it there."
gold_088,10004798,@AppleSupport does iOS 11.0.2 let me record the screen without a Mac,,how_to_feature,AUTO_HANDLE,,Primary intent from construction + labeling guide; single developer annotator. expected_action=AUTO_HANDLE (Information / how-to request that can be answered from public documentation patterns.),Tue Oct 10 08:00:00 +0000 2017,AppleSupport,@USER Wireless charging depends on the model. iPhone 8 and iPhone X support Qi. Older iPhones do not. We would not assume a third-party charger is certified.
gold_089,10004726,@AppleSupport is there a way to hide photos without deleting them,,how_to_feature,AUTO_HANDLE,,Primary intent from construction + labeling guide; single developer annotator. expected_action=AUTO_HANDLE (Information / how-to request that can be answered from public documentation patterns.),Tue Oct 10 04:37:00 +0000 2017,AppleSupport,@USER You can turn off Wi-Fi Assist in Settings > Cellular > Wi-Fi Assist (near the bottom). That setting is on by default on iOS 11.0.2.
gold_090,10004770,@AppleSupport how do I turn off Wi-Fi Assist on iOS 11.1?,customer: @AppleSupport that did not work | brand: @USER Thanks for the extra detail. We are still looking at this with you.,how_to_feature,AUTO_HANDLE,,Primary intent from construction + labeling guide; single developer annotator. expected_action=AUTO_HANDLE (Information / how-to request that can be answered from public documentation patterns.),Tue Oct 10 07:23:00 +0000 2017,AppleSupport,@USER You can turn off Wi-Fi Assist in Settings > Cellular > Wi-Fi Assist (near the bottom). That setting is on by default on iOS 11.1.
gold_091,10004756,@AppleSupport is there a way to hide photos without deleting them,,how_to_feature,AUTO_HANDLE,,Primary intent from construction + labeling guide; single developer annotator. expected_action=AUTO_HANDLE (Information / how-to request that can be answered from public documentation patterns.),Tue Oct 10 06:01:00 +0000 2017,AppleSupport,@USER You can turn off Wi-Fi Assist in Settings > Cellular > Wi-Fi Assist (near the bottom). That setting is on by default on iOS 11.0.
gold_092,10004436,@AppleSupport how to move apps back to the dock on iOS 11.0.1,,how_to_feature,AUTO_HANDLE,,Primary intent from construction + labeling guide; single developer annotator. expected_action=AUTO_HANDLE (Information / how-to request that can be answered from public documentation patterns.),Mon Oct 09 15:05:00 +0000 2017,AppleSupport,"@USER Screen recording is in Control Center on iOS 11.2: Settings > Control Center > Customize, add Screen Recording."
gold_093,10004536,@AppleSupport does iPhone 7 support wireless charging?,,how_to_feature,AUTO_HANDLE,,Primary intent from construction + labeling guide; single developer annotator. expected_action=AUTO_HANDLE (Information / how-to request that can be answered from public documentation patterns.),Mon Oct 09 19:45:00 +0000 2017,AppleSupport,"@USER Screenshot: on iPad Pro with Face ID, press side + volume up together. On devices with a Home button, side/top + Home."
gold_094,10004750,@AppleSupport how do I stop Photos from using cellular data,customer: @AppleSupport following up — no change | brand: @USER Thanks for the extra detail. We are still looking at this with you.,how_to_feature,AUTO_HANDLE,,Primary intent from construction + labeling guide; single developer annotator. expected_action=AUTO_HANDLE (Information / how-to request that can be answered from public documentation patterns.),Tue Oct 10 06:27:00 +0000 2017,AppleSupport,"@USER Screen recording is in Control Center on iOS 11.0.2: Settings > Control Center > Customize, add Screen Recording."
gold_095,10004246,@AppleSupport is there a way to hide photos without deleting them,,how_to_feature,AUTO_HANDLE,,Primary intent from construction + labeling guide; single developer annotator. expected_action=AUTO_HANDLE (Information / how-to request that can be answered from public documentation patterns.),Mon Oct 09 06:13:00 +0000 2017,AppleSupport,@USER You can turn off Wi-Fi Assist in Settings > Cellular > Wi-Fi Assist (near the bottom). That setting is on by default on iOS 11.1.
gold_096,10004236,@AppleSupport does iPhone 8 Plus support wireless charging?,,how_to_feature,AUTO_HANDLE,,Primary intent from construction + labeling guide; single developer annotator. expected_action=AUTO_HANDLE (Information / how-to request that can be answered from public documentation patterns.),Mon Oct 09 05:45:00 +0000 2017,AppleSupport,"@USER Screenshot: on iPhone 7 with Face ID, press side + volume up together. On devices with a Home button, side/top + Home."
gold_097,10000554,@AppleSupport I installed iOS 10.3.3 last night and now my iPhone 8 Plus going black,,ios_update_bug,AUTO_HANDLE,,Primary intent from construction + labeling guide; single developer annotator. expected_action=AUTO_HANDLE (Generic troubleshooting is historically handled in-thread without account access.),Mon Oct 02 01:54:00 +0000 2017,AppleSupport,"@USER Let's check this. After the update, try a force restart (volume up, volume down, then hold the side button). Reply with what happens."
gold_098,10000334,@AppleSupport iOS 11.2 made my iPhone 8 Plus unusable. apps closing. It's been two days.,,ios_update_bug,AUTO_HANDLE,,Primary intent from construction + labeling guide; single developer annotator. expected_action=AUTO_HANDLE (Generic troubleshooting is historically handled in-thread without account access.),Sun Oct 01 15:38:00 +0000 2017,AppleSupport,@USER Sorry this update has been rough. Go to Settings > General > iPhone Storage and check whether the update fully installed. Screenshot of Settings > General > About is useful — send via DM if you prefer.
gold_099,10000066,@AppleSupport ever since the iOS 11.1 update crashing on my iPhone 6s,,ios_update_bug,AUTO_HANDLE,,Primary intent from construction + labeling guide; single developer annotator. expected_action=AUTO_HANDLE (Generic troubleshooting is historically handled in-thread without account access.),Sun Oct 01 03:09:00 +0000 2017,AppleSupport,"@USER Let's check this. After the update, try a force restart (volume up, volume down, then hold the side button). Reply with what happens."
gold_100,10000096,@AppleSupport ever since the iOS 11.0.1 update restarting on my iPad,,ios_update_bug,AUTO_HANDLE,,Primary intent from construction + labeling guide; single developer annotator. expected_action=AUTO_HANDLE (Generic troubleshooting is historically handled in-thread without account access.),Sun Oct 01 04:33:00 +0000 2017,AppleSupport,@USER Sorry this update has been rough. Go to Settings > General > iPhone Storage and check whether the update fully installed. Screenshot of Settings > General > About is useful — send via DM if you prefer.
gold_101,10000138,@AppleSupport can I roll back from iOS 11.0? iPhone 7 Plus going black constantly,,ios_update_bug,AUTO_HANDLE,,Primary intent from construction + labeling guide; single developer annotator. expected_action=AUTO_HANDLE (Generic troubleshooting is historically handled in-thread without account access.),Sun Oct 01 06:32:00 +0000 2017,AppleSupport,@USER We'd like to help. Which iOS version is currently installed? You can find this in Settings > General > About. Also tell us the last step you tried.
gold_102,10000088,@AppleSupport Mail and Safari freeze on iOS 10.3.3. MacBook Pro. this started after the update,,ios_update_bug,AUTO_HANDLE,,Primary intent from construction + labeling guide; single developer annotator. expected_action=AUTO_HANDLE (Generic troubleshooting is historically handled in-thread without account access.),Sun Oct 01 04:12:00 +0000 2017,AppleSupport,@USER We'd like to help. Which iOS version is currently installed? You can find this in Settings > General > About. Also tell us the last step you tried.
gold_103,10000470,@AppleSupport iOS 11.0.2 update failed and my iPad is stuck on the Apple logo,customer: @AppleSupport that did not work | brand: @USER Thanks for the extra detail. We are still looking at this with you.,ios_update_bug,AUTO_HANDLE,,Primary intent from construction + labeling guide; single developer annotator. expected_action=AUTO_HANDLE (Generic troubleshooting is historically handled in-thread without account access.),Sun Oct 01 22:43:00 +0000 2017,AppleSupport,@USER Sorry this update has been rough. Go to Settings > General > iPhone Storage and check whether the update fully installed. Screenshot of Settings > General > About is useful — send via DM if you prefer.
gold_104,10000248,@AppleSupport why is iOS 11.0.1 so buggy on iPhone 6? Camera going black,,ios_update_bug,AUTO_HANDLE,,Primary intent from construction + labeling guide; single developer annotator. expected_action=AUTO_HANDLE (Generic troubleshooting is historically handled in-thread without account access.),Sun Oct 01 11:40:00 +0000 2017,AppleSupport,"@USER If the device is looping on the Apple logo, connect it to a computer and check for recovery mode. We can walk you through that. Which computer OS do you have?"
gold_105,10000316,@AppleSupport is anyone else's iPad restarting after the iOS 11.0.2 update,,ios_update_bug,AUTO_HANDLE,,Primary intent from construction + labeling guide; single developer annotator. expected_action=AUTO_HANDLE (Generic troubleshooting is historically handled in-thread without account access.),Sun Oct 01 14:49:00 +0000 2017,AppleSupport,"@USER Let's check this. After the update, try a force restart (volume up, volume down, then hold the side button). Reply with what happens."
gold_106,10000460,@AppleSupport Music keeps crashing on iOS 11.0.1 iPhone 6 Any advice?,customer: @AppleSupport that did not work | brand: @USER Sorry it is not resolved yet. Let's try the next step.,ios_update_bug,AUTO_HANDLE,,Primary intent from construction + labeling guide; single developer annotator. expected_action=AUTO_HANDLE (Generic troubleshooting is historically handled in-thread without account access.),Sun Oct 01 22:15:00 +0000 2017,AppleSupport,"@USER If the device is looping on the Apple logo, connect it to a computer and check for recovery mode. We can walk you through that. Which computer OS do you have?"
gold_107,10000268,@AppleSupport Mail and Safari freeze on iOS 10.3.3. MacBook Pro. this started after the update,,ios_update_bug,AUTO_HANDLE,,Primary intent from construction + labeling guide; single developer annotator. expected_action=AUTO_HANDLE (Generic troubleshooting is historically handled in-thread without account access.),Sun Oct 01 12:36:00 +0000 2017,AppleSupport,"@USER Thanks for writing in. If Notes is crashing on iOS 11.0, please update that app from the App Store and test again. If it continues, we can look at a backup + restore path."
gold_108,10000358,@AppleSupport Mail and Safari freeze on iOS 10.3.3. iPad. this started after the update,,ios_update_bug,AUTO_HANDLE,,Primary intent from construction + labeling guide; single developer annotator. expected_action=AUTO_HANDLE (Generic troubleshooting is historically handled in-thread without account access.),Sun Oct 01 16:48:00 +0000 2017,AppleSupport,@USER Sorry this update has been rough. Go to Settings > General > iPhone Storage and check whether the update fully installed. Screenshot of Settings > General > About is useful — send via DM if you prefer.
gold_109,10000418,@AppleSupport Mail and Safari freeze on iOS 11.0.2. iPhone 8. this started after the update,,ios_update_bug,AUTO_HANDLE,,Primary intent from construction + labeling guide; single developer annotator. expected_action=AUTO_HANDLE (Generic troubleshooting is historically handled in-thread without account access.),Sun Oct 01 19:36:00 +0000 2017,AppleSupport,"@USER Thanks for writing in. If Mail is crashing on iOS 10.3.3, please update that app from the App Store and test again. If it continues, we can look at a backup + restore path."
gold_110,10000380,@AppleSupport iOS 11.0.1 update failed and my iPhone 6s is stuck on the Apple logo,customer: @AppleSupport still happening after I restarted | brand: @USER Sorry it is not resolved yet. Let's try the next step.,ios_update_bug,AUTO_HANDLE,,Primary intent from construction + labeling guide; single developer annotator. expected_action=AUTO_HANDLE (Generic troubleshooting is historically handled in-thread without account access.),Sun Oct 01 18:31:00 +0000 2017,AppleSupport,"@USER Thanks for writing in. If Music is crashing on iOS 11.1, please update that app from the App Store and test again. If it continues, we can look at a backup + restore path."
gold_111,10000064,@AppleSupport iOS 11.0.1 made my iPhone 7 Plus unusable. freezing. This is so frustrating.,,ios_update_bug,AUTO_HANDLE,,Primary intent from construction + labeling guide; single developer annotator. expected_action=AUTO_HANDLE (Generic troubleshooting is historically handled in-thread without account access.),Sun Oct 01 03:02:00 +0000 2017,AppleSupport,@USER We'd like to help. Which iOS version is currently installed? You can find this in Settings > General > About. Also tell us the last step you tried.
gold_112,10000504,"@AppleSupport after updating iPhone 7 Plus to 11.0.1, Photos closes as soon as I open it",,ios_update_bug,AUTO_HANDLE,,Primary intent from construction + labeling guide; single developer annotator. expected_action=AUTO_HANDLE (Generic troubleshooting is historically handled in-thread without account access.),Sun Oct 01 23:34:00 +0000 2017,AppleSupport,"@USER Let's check this. After the update, try a force restart (volume up, volume down, then hold the side button). Reply with what happens."
gold_113,10003634,@AppleSupport the MacBook Pro I received has a damaged box and a rattling noise,,order_purchase,ESCALATE,Order lookup and shipping exceptions are account-specific.,Primary intent from construction + labeling guide; single developer annotator. expected_action=ESCALATE (Order lookup and shipping exceptions are account-specific.),Sun Oct 08 01:38:00 +0000 2017,AppleSupport,"@USER Address changes are only possible before the order ships, and only through the order specialist. DM the order number — we will not edit addresses on a public tweet."
gold_114,10003818,@AppleSupport tracking number for my apple TV has not updated in a week,,order_purchase,ESCALATE,Order lookup and shipping exceptions are account-specific.,Primary intent from construction + labeling guide; single developer annotator. expected_action=ESCALATE (Order lookup and shipping exceptions are account-specific.),Sun Oct 08 10:16:00 +0000 2017,AppleSupport,"@USER Pickup emails sometimes lag. Check the Apple Store app under orders, or the Apple ID email. If the store cannot find it, DM us the reservation details."
gold_115,10003888,@AppleSupport apple Store said my iPad Pro is ready but they cannot find it,,order_purchase,ESCALATE,Order lookup and shipping exceptions are account-specific.,Primary intent from construction + labeling guide; single developer annotator. expected_action=ESCALATE (Order lookup and shipping exceptions are account-specific.),Sun Oct 08 13:32:00 +0000 2017,AppleSupport,@USER We cannot see your order from this public thread. Please DM the order number and the email used at checkout (not your password) so a specialist can check shipping status.
gold_116,10003890,@AppleSupport preorder AirPods slipped from launch week to sometime next month,customer: @AppleSupport still happening after I restarted | brand: @USER Thanks for the extra detail. We are still looking at this with you.,order_purchase,ESCALATE,Order lookup and shipping exceptions are account-specific.,Primary intent from construction + labeling guide; single developer annotator. expected_action=ESCALATE (Order lookup and shipping exceptions are account-specific.),Sun Oct 08 14:19:00 +0000 2017,AppleSupport,"@USER Damaged delivery: please photograph the box and serial if visible, and DM the order number. Do not continue setup if you want a replacement review. We cannot approve a replacement here."
gold_117,10003860,@AppleSupport preorder MacBook Pro slipped from launch week to sometime next month,customer: @AppleSupport following up — no change | brand: @USER Thanks for the extra detail. We are still looking at this with you.,order_purchase,ESCALATE,Order lookup and shipping exceptions are account-specific.,Primary intent from construction + labeling guide; single developer annotator. expected_action=ESCALATE (Order lookup and shipping exceptions are account-specific.),Sun Oct 08 12:55:00 +0000 2017,AppleSupport,"@USER Missing accessories or a cancelled-but-charged order needs the sales record. Please DM order number + last four of the payment method, never the full card."
gold_118,10003648,@AppleSupport Apple Store said my iPad Pro is ready but they cannot find it,,order_purchase,ESCALATE,Order lookup and shipping exceptions are account-specific.,Primary intent from construction + labeling guide; single developer annotator. expected_action=ESCALATE (Order lookup and shipping exceptions are account-specific.),Sun Oct 08 02:20:00 +0000 2017,AppleSupport,"@USER Missing accessories or a cancelled-but-charged order needs the sales record. Please DM order number + last four of the payment method, never the full card."
gold_119,10003878,@AppleSupport tracking number for my iPad Pro has not updated in a week,,order_purchase,ESCALATE,Order lookup and shipping exceptions are account-specific.,Primary intent from construction + labeling guide; single developer annotator. expected_action=ESCALATE (Order lookup and shipping exceptions are account-specific.),Sun Oct 08 13:04:00 +0000 2017,AppleSupport,"@USER Damaged delivery: please photograph the box and serial if visible, and DM the order number. Do not continue setup if you want a replacement review. We cannot approve a replacement here."
gold_120,10003916,@AppleSupport can I change the shipping address on my MacBook Pro order? not shipped yet,,order_purchase,ESCALATE,Order lookup and shipping exceptions are account-specific.,Primary intent from construction + labeling guide; single developer annotator. expected_action=ESCALATE (Order lookup and shipping exceptions are account-specific.),Sun Oct 08 14:49:00 +0000 2017,AppleSupport,"@USER Damaged delivery: please photograph the box and serial if visible, and DM the order number. Do not continue setup if you want a replacement review. We cannot approve a replacement here."
gold_121,10004058,@AppleSupport tracking number for my iPhone X has not updated in a week,,order_purchase,ESCALATE,Order lookup and shipping exceptions are account-specific.,Primary intent from construction + labeling guide; single developer annotator. expected_action=ESCALATE (Order lookup and shipping exceptions are account-specific.),Sun Oct 08 21:28:00 +0000 2017,AppleSupport,"@USER Address changes are only possible before the order ships, and only through the order specialist. DM the order number — we will not edit addresses on a public tweet."
gold_122,10003900,@AppleSupport my MacBook Pro order still says processing after 14 days. This is so frustrating.,customer: @AppleSupport following up — no change | brand: @USER Sorry it is not resolved yet. Let's try the next step.,order_purchase,ESCALATE,Order lookup and shipping exceptions are account-specific.,Primary intent from construction + labeling guide; single developer annotator. expected_action=ESCALATE (Order lookup and shipping exceptions are account-specific.),Sun Oct 08 14:47:00 +0000 2017,AppleSupport,@USER We cannot see your order from this public thread. Please DM the order number and the email used at checkout (not your password) so a specialist can check shipping status.
gold_123,10003826,@AppleSupport can I change the shipping address on my Apple TV order? not shipped yet,,order_purchase,ESCALATE,Order lookup and shipping exceptions are account-specific.,Primary intent from construction + labeling guide; single developer annotator. expected_action=ESCALATE (Order lookup and shipping exceptions are account-specific.),Sun Oct 08 10:37:00 +0000 2017,AppleSupport,@USER We cannot see your order from this public thread. Please DM the order number and the email used at checkout (not your password) so a specialist can check shipping status.
gold_124,10003986,@AppleSupport I need to cancel my AirPods order before it ships. site errors,,order_purchase,ESCALATE,Order lookup and shipping exceptions are account-specific.,Primary intent from construction + labeling guide; single developer annotator. expected_action=ESCALATE (Order lookup and shipping exceptions are account-specific.),Sun Oct 08 18:05:00 +0000 2017,AppleSupport,"@USER Missing accessories or a cancelled-but-charged order needs the sales record. Please DM order number + last four of the payment method, never the full card."
gold_125,10003714,@AppleSupport missing AirPods / charger in the AirPods box I just opened,,order_purchase,ESCALATE,Order lookup and shipping exceptions are account-specific.,Primary intent from construction + labeling guide; single developer annotator. expected_action=ESCALATE (Order lookup and shipping exceptions are account-specific.),Sun Oct 08 05:22:00 +0000 2017,AppleSupport,@USER We cannot see your order from this public thread. Please DM the order number and the email used at checkout (not your password) so a specialist can check shipping status.
gold_126,10003710,@AppleSupport preorder iPad Pro slipped from launch week to sometime next month,customer: @AppleSupport following up — no change | brand: @USER Thanks for the extra detail. We are still looking at this with you.,order_purchase,ESCALATE,Order lookup and shipping exceptions are account-specific.,Primary intent from construction + labeling guide; single developer annotator. expected_action=ESCALATE (Order lookup and shipping exceptions are account-specific.),Sun Oct 08 05:55:00 +0000 2017,AppleSupport,"@USER Missing accessories or a cancelled-but-charged order needs the sales record. Please DM order number + last four of the payment method, never the full card."
gold_127,10003724,@AppleSupport the Apple TV I received has a damaged box and dents on the corner,,order_purchase,ESCALATE,Order lookup and shipping exceptions are account-specific.,Primary intent from construction + labeling guide; single developer annotator. expected_action=ESCALATE (Order lookup and shipping exceptions are account-specific.),Sun Oct 08 05:50:00 +0000 2017,AppleSupport,"@USER Missing accessories or a cancelled-but-charged order needs the sales record. Please DM order number + last four of the payment method, never the full card."
gold_128,10004054,@AppleSupport the iPhone X I received has a damaged box and dents on the corner,,order_purchase,ESCALATE,Order lookup and shipping exceptions are account-specific.,Primary intent from construction + labeling guide; single developer annotator. expected_action=ESCALATE (Order lookup and shipping exceptions are account-specific.),Sun Oct 08 21:14:00 +0000 2017,AppleSupport,"@USER Damaged delivery: please photograph the box and serial if visible, and DM the order number. Do not continue setup if you want a replacement review. We cannot approve a replacement here."
gold_129,10004908,@AppleSupport love the packaging. that is the tweet,,other,ESCALATE,Intent is unclear or off-topic; a human should decide whether to engage.,Primary intent from construction + labeling guide; single developer annotator. expected_action=ESCALATE (Intent is unclear or off-topic; a human should decide whether to engage.),Tue Oct 10 13:08:00 +0000 2017,AppleSupport,"@USER Thanks. If you need help with an Apple device, reply with the issue and the model."
gold_130,10005366,@AppleSupport please follow me back,,other,ESCALATE,Intent is unclear or off-topic; a human should decide whether to engage.,Primary intent from construction + labeling guide; single developer annotator. expected_action=ESCALATE (Intent is unclear or off-topic; a human should decide whether to engage.),Wed Oct 11 10:29:00 +0000 2017,AppleSupport,"@USER We cannot comment on other companies' plans or school filters. For an Apple product question, we are listening."
gold_131,10005294,@AppleSupport can you tell Verizon to give me a better plan,,other,ESCALATE,Intent is unclear or off-topic; a human should decide whether to engage.,Third-party / off-topic; other. expected_action=ESCALATE (Intent is unclear or off-topic; a human should decide whether to engage.),Wed Oct 11 07:06:00 +0000 2017,AppleSupport,"@USER We are here for product support rather than store crowds, carriers, or rumors. If something on your device is broken, tell us the model and iOS version."
gold_132,10004834,@AppleSupport why is the store in my mall so crowded on Saturday,,other,ESCALATE,Intent is unclear or off-topic; a human should decide whether to engage.,Primary intent from construction + labeling guide; single developer annotator. expected_action=ESCALATE (Intent is unclear or off-topic; a human should decide whether to engage.),Tue Oct 10 09:38:00 +0000 2017,AppleSupport,"@USER We are here for product support rather than store crowds, carriers, or rumors. If something on your device is broken, tell us the model and iOS version."
gold_133,10005026,@AppleSupport I lost a bet and have to tweet you. nothing is wrong,,other,ESCALATE,Intent is unclear or off-topic; a human should decide whether to engage.,Primary intent from construction + labeling guide; single developer annotator. expected_action=ESCALATE (Intent is unclear or off-topic; a human should decide whether to engage.),Tue Oct 10 18:37:00 +0000 2017,AppleSupport,"@USER We cannot comment on other companies' plans or school filters. For an Apple product question, we are listening."
gold_134,10004930,@AppleSupport your commercials are better than the phones,customer: @AppleSupport following up — no change | brand: @USER Sorry it is not resolved yet. Let's try the next step.,other,ESCALATE,Intent is unclear or off-topic; a human should decide whether to engage.,Primary intent from construction + labeling guide; single developer annotator. expected_action=ESCALATE (Intent is unclear or off-topic; a human should decide whether to engage.),Tue Oct 10 14:51:00 +0000 2017,AppleSupport,"@USER Thanks for writing in. If you have a specific product issue, send a few details (device + what you see on screen) and we will try to help."
gold_135,10005338,@AppleSupport this is a tweet about Android being cheaper. thoughts?,,other,ESCALATE,Intent is unclear or off-topic; a human should decide whether to engage.,Primary intent from construction + labeling guide; single developer annotator. expected_action=ESCALATE (Intent is unclear or off-topic; a human should decide whether to engage.),Wed Oct 11 09:12:00 +0000 2017,AppleSupport,"@USER Thanks. If you need help with an Apple device, reply with the issue and the model."
gold_136,10005156,@AppleSupport please follow me back,,other,ESCALATE,Intent is unclear or off-topic; a human should decide whether to engage.,Primary intent from construction + labeling guide; single developer annotator. expected_action=ESCALATE (Intent is unclear or off-topic; a human should decide whether to engage.),Wed Oct 11 00:41:00 +0000 2017,AppleSupport,"@USER We cannot comment on other companies' plans or school filters. For an Apple product question, we are listening."
gold_137,10004888,@AppleSupport this is a tweet about Android being cheaper. thoughts?,,other,ESCALATE,Intent is unclear or off-topic; a human should decide whether to engage.,Primary intent from construction + labeling guide; single developer annotator. expected_action=ESCALATE (Intent is unclear or off-topic; a human should decide whether to engage.),Tue Oct 10 12:12:00 +0000 2017,AppleSupport,"@USER Thanks. If you need help with an Apple device, reply with the issue and the model."
gold_138,10005190,@AppleSupport you guys are the worst. that is all.,customer: @AppleSupport still happening after I restarted | brand: @USER Sorry it is not resolved yet. Let's try the next step.,other,ESCALATE,Severe complaint / repeated unresolved issue — human should own the tone.,Primary intent from construction + labeling guide; single developer annotator. expected_action=ESCALATE (Severe complaint / repeated unresolved issue — human should own the tone.),Wed Oct 11 02:59:00 +0000 2017,AppleSupport,"@USER Thanks for writing in. If you have a specific product issue, send a few details (device + what you see on screen) and we will try to help."
gold_139,10005096,@AppleSupport please follow me back,,other,ESCALATE,Intent is unclear or off-topic; a human should decide whether to engage.,Primary intent from construction + labeling guide; single developer annotator. expected_action=ESCALATE (Intent is unclear or off-topic; a human should decide whether to engage.),Tue Oct 10 21:53:00 +0000 2017,AppleSupport,"@USER We cannot comment on other companies' plans or school filters. For an Apple product question, we are listening."
gold_140,10005308,@AppleSupport this is a tweet about Android being cheaper. thoughts?,,other,ESCALATE,Intent is unclear or off-topic; a human should decide whether to engage.,Primary intent from construction + labeling guide; single developer annotator. expected_action=ESCALATE (Intent is unclear or off-topic; a human should decide whether to engage.),Wed Oct 11 07:48:00 +0000 2017,AppleSupport,"@USER Thanks. If you need help with an Apple device, reply with the issue and the model."
gold_141,10005470,@AppleSupport my Uber app crashes. fix your phone. iPhone X,,other,ESCALATE,Intent is unclear or off-topic; a human should decide whether to engage.,Third-party / off-topic; other. expected_action=ESCALATE (Intent is unclear or off-topic; a human should decide whether to engage.),Wed Oct 11 16:12:00 +0000 2017,AppleSupport,"@USER Thanks for writing in. If you have a specific product issue, send a few details (device + what you see on screen) and we will try to help."
gold_142,10005284,@AppleSupport why is the store in my mall so crowded on Saturday,,other,ESCALATE,Intent is unclear or off-topic; a human should decide whether to engage.,Primary intent from construction + labeling guide; single developer annotator. expected_action=ESCALATE (Intent is unclear or off-topic; a human should decide whether to engage.),Wed Oct 11 06:38:00 +0000 2017,AppleSupport,"@USER We are here for product support rather than store crowds, carriers, or rumors. If something on your device is broken, tell us the model and iOS version."
gold_143,10004996,@AppleSupport I lost a bet and have to tweet you. nothing is wrong,,other,ESCALATE,Intent is unclear or off-topic; a human should decide whether to engage.,Primary intent from construction + labeling guide; single developer annotator. expected_action=ESCALATE (Intent is unclear or off-topic; a human should decide whether to engage.),Tue Oct 10 17:13:00 +0000 2017,AppleSupport,"@USER We cannot comment on other companies' plans or school filters. For an Apple product question, we are listening."
gold_144,10005210,@AppleSupport is it true you are launching a car. asking for a friend,customer: @AppleSupport still happening after I restarted | brand: @USER Thanks for the extra detail. We are still looking at this with you.,other,ESCALATE,Intent is unclear or off-topic; a human should decide whether to engage.,Primary intent from construction + labeling guide; single developer annotator. expected_action=ESCALATE (Intent is unclear or off-topic; a human should decide whether to engage.),Wed Oct 11 03:55:00 +0000 2017,AppleSupport,"@USER Thanks for writing in. If you have a specific product issue, send a few details (device + what you see on screen) and we will try to help."
gold_145,10000328,@AppleSupport Mail and Safari freeze on iOS 11.0.2. iPhone 6. this started after the update,,ios_update_bug,AUTO_HANDLE,,Primary intent from construction + labeling guide; single developer annotator. expected_action=AUTO_HANDLE (Generic troubleshooting is historically handled in-thread without account access.),Sun Oct 01 15:24:00 +0000 2017,AppleSupport,"@USER Let's check this. After the update, try a force restart (volume up, volume down, then hold the side button). Reply with what happens."
gold_146,10000914,@AppleSupport Touch ID / home button on iPhone X stopped working this morning,,hardware_device,ESCALATE,Hardware issues often require inspection; default to a human.,Primary intent from construction + labeling guide; single developer annotator. expected_action=ESCALATE (Hardware issues often require inspection; default to a human.),Mon Oct 02 18:42:00 +0000 2017,AppleSupport,"@USER Sorry your iPhone X is acting up. Try an untested cable and wall adapter that meets Apple spec. If it still will not charge, this likely needs a hardware check — we recommend an Apple Store / authorized service appointment."
gold_147,10005344,@AppleSupport why is the store in my mall so crowded on Saturday,,other,ESCALATE,Intent is unclear or off-topic; a human should decide whether to engage.,Primary intent from construction + labeling guide; single developer annotator. expected_action=ESCALATE (Intent is unclear or off-topic; a human should decide whether to engage.),Wed Oct 11 09:26:00 +0000 2017,AppleSupport,"@USER We are here for product support rather than store crowds, carriers, or rumors. If something on your device is broken, tell us the model and iOS version."
gold_148,10003808,"@AppleSupport two Apple Watch Series 3 charges, one order. shipping status is blank",,order_purchase,ESCALATE,Order lookup and shipping exceptions are account-specific.,Primary intent from construction + labeling guide; single developer annotator. expected_action=ESCALATE (Order lookup and shipping exceptions are account-specific.),Sun Oct 08 09:48:00 +0000 2017,AppleSupport,"@USER Address changes are only possible before the order ships, and only through the order specialist. DM the order number — we will not edit addresses on a public tweet."
gold_149,10004300,@AppleSupport how do I stop Mail from using cellular data,customer: @AppleSupport following up — no change | brand: @USER Thanks for the extra detail. We are still looking at this with you.,how_to_feature,AUTO_HANDLE,,Primary intent from construction + labeling guide; single developer annotator. expected_action=AUTO_HANDLE (Information / how-to request that can be answered from public documentation patterns.),Mon Oct 09 09:27:00 +0000 2017,AppleSupport,"@USER Screen recording is in Control Center on iOS 11.0.1: Settings > Control Center > Customize, add Screen Recording."
gold_150,10001994,@AppleSupport duplicate iTunes charge on my card today. I only bought one album,,billing_subscription,ESCALATE,Account or billing requests need an authenticated specialist; the agent cannot take those actions.,Primary intent from construction + labeling guide; single developer annotator. expected_action=ESCALATE (Account or billing requests need an authenticated specialist; the agent cannot take those actions.),Wed Oct 04 21:06:00 +0000 2017,AppleSupport,"@USER For Apple Music / iCloud subscriptions, check Settings > [your name] > Subscriptions. If you already cancelled and were billed again, DM us the Apple ID email so a specialist can review."
gold_151,10004288,@AppleSupport does iOS 10.3.3 let me record the screen without a Mac,,how_to_feature,AUTO_HANDLE,,Primary intent from construction + labeling guide; single developer annotator. expected_action=AUTO_HANDLE (Information / how-to request that can be answered from public documentation patterns.),Mon Oct 09 08:12:00 +0000 2017,AppleSupport,@USER Wireless charging depends on the model. iPhone 8 and iPhone X support Qi. Older iPhones do not. We would not assume a third-party charger is certified.
gold_152,10004664,@AppleSupport where can I see battery usage by app on iOS 11.2,,how_to_feature,AUTO_HANDLE,,Primary intent from construction + labeling guide; single developer annotator. expected_action=AUTO_HANDLE (Information / how-to request that can be answered from public documentation patterns.),Tue Oct 10 01:42:00 +0000 2017,AppleSupport,@USER Wireless charging depends on the model. iPhone 8 and iPhone X support Qi. Older iPhones do not. We would not assume a third-party charger is certified.
gold_153,10001434,@AppleSupport iCloud keychain and Apple ID keep asking me to sign in every 10 minutes,,apple_id_icloud,ESCALATE,Account or billing requests need an authenticated specialist; the agent cannot take those actions.,Primary intent from construction + labeling guide; single developer annotator. expected_action=ESCALATE (Account or billing requests need an authenticated specialist; the agent cannot take those actions.),Tue Oct 03 18:58:00 +0000 2017,AppleSupport,"@USER Sign-in loops after a restore often mean the Apple ID is still in a security lock. Try another network, then iforgot.apple.com. If it still fails, this has to go to account recovery."
gold_154,10000124,@AppleSupport iOS 10.3.3 made my iPad unusable. restarting. It's been two days.,,ios_update_bug,AUTO_HANDLE,,Primary intent from construction + labeling guide; single developer annotator. expected_action=AUTO_HANDLE (Generic troubleshooting is historically handled in-thread without account access.),Sun Oct 01 05:50:00 +0000 2017,AppleSupport,"@USER If the device is looping on the Apple logo, connect it to a computer and check for recovery mode. We can walk you through that. Which computer OS do you have?"
gold_155,10003926,@AppleSupport I need to cancel my Apple Watch Series 3 order before it ships. site errors,,order_purchase,ESCALATE,Order lookup and shipping exceptions are account-specific.,Primary intent from construction + labeling guide; single developer annotator. expected_action=ESCALATE (Order lookup and shipping exceptions are account-specific.),Sun Oct 08 15:17:00 +0000 2017,AppleSupport,@USER We cannot see your order from this public thread. Please DM the order number and the email used at checkout (not your password) so a specialist can check shipping status.
gold_156,10003538,"@AppleSupport I need last week's backup, not the one from this morning that overwrote it",,backup_storage,AUTO_HANDLE,,Primary intent from construction + labeling guide; single developer annotator. expected_action=AUTO_HANDLE (Storage / backup explanation without confirmed data-loss language.),Sat Oct 07 21:12:00 +0000 2017,AppleSupport,"@USER iCloud storage numbers include Mail, backups, and iCloud Drive, not just photo count. Check Settings > [your name] > iCloud > Manage Storage and tell us what the biggest items are."
gold_157,10005050,@AppleSupport your commercials are better than the phones,customer: @AppleSupport still happening after I restarted | brand: @USER Sorry it is not resolved yet. Let's try the next step.,other,ESCALATE,Intent is unclear or off-topic; a human should decide whether to engage.,Primary intent from construction + labeling guide; single developer annotator. expected_action=ESCALATE (Intent is unclear or off-topic; a human should decide whether to engage.),Tue Oct 10 20:27:00 +0000 2017,AppleSupport,"@USER Thanks for writing in. If you have a specific product issue, send a few details (device + what you see on screen) and we will try to help."
gold_158,10001998,@AppleSupport charged for an in-app purchase that failed to deliver. want a refund,,billing_subscription,ESCALATE,Account or billing requests need an authenticated specialist; the agent cannot take those actions.,Primary intent from construction + labeling guide; single developer annotator. expected_action=ESCALATE (Account or billing requests need an authenticated specialist; the agent cannot take those actions.),Wed Oct 04 21:20:00 +0000 2017,AppleSupport,"@USER Kid / Family Sharing purchases: the organizer can turn on Ask to Buy. For the charge that already posted, use reportaproblem.apple.com — we cannot refund it in this thread."
gold_159,10003858,@AppleSupport apple Store said my iPhone X is ready but they cannot find it,,order_purchase,ESCALATE,Order lookup and shipping exceptions are account-specific.,Primary intent from construction + labeling guide; single developer annotator. expected_action=ESCALATE (Order lookup and shipping exceptions are account-specific.),Sun Oct 08 12:08:00 +0000 2017,AppleSupport,"@USER Address changes are only possible before the order ships, and only through the order specialist. DM the order number — we will not edit addresses on a public tweet."
gold_160,10001828,@AppleSupport I requested a refund 5 days ago and have heard nothing. still charged,,billing_subscription,ESCALATE,Account or billing requests need an authenticated specialist; the agent cannot take those actions.,Primary intent from construction + labeling guide; single developer annotator. expected_action=ESCALATE (Account or billing requests need an authenticated specialist; the agent cannot take those actions.),Wed Oct 04 13:24:00 +0000 2017,AppleSupport,"@USER Unexpected App Store charges should be reviewed from reportaproblem.apple.com. If a purchase was accidental, start there. We cannot confirm a refund until that form is processed."
gold_161,10005378,@AppleSupport my nephew's school blocks iMessage. fix the school,,other,ESCALATE,Intent is unclear or off-topic; a human should decide whether to engage.,Third-party / off-topic; other. expected_action=ESCALATE (Intent is unclear or off-topic; a human should decide whether to engage.),Wed Oct 11 11:04:00 +0000 2017,AppleSupport,"@USER Thanks. If you need help with an Apple device, reply with the issue and the model."
gold_162,10003868,"@AppleSupport two iPhone X charges, one order. shipping status is blank",,order_purchase,ESCALATE,Order lookup and shipping exceptions are account-specific.,Primary intent from construction + labeling guide; single developer annotator. expected_action=ESCALATE (Order lookup and shipping exceptions are account-specific.),Sun Oct 08 12:36:00 +0000 2017,AppleSupport,"@USER Pickup emails sometimes lag. Check the Apple Store app under orders, or the Apple ID email. If the store cannot find it, DM us the reservation details."
gold_163,10004668,@AppleSupport how do I set up Do Not Disturb while driving,,how_to_feature,AUTO_HANDLE,,Primary intent from construction + labeling guide; single developer annotator. expected_action=AUTO_HANDLE (Information / how-to request that can be answered from public documentation patterns.),Tue Oct 10 01:56:00 +0000 2017,AppleSupport,"@USER Do Not Disturb is in Settings > Do Not Disturb, and also in Control Center (moon icon). On iOS 11.0 you can schedule it there."
gold_164,10001988,@AppleSupport how do I get a refund for an app my kid bought by accident,,billing_subscription,ESCALATE,Account or billing requests need an authenticated specialist; the agent cannot take those actions.,Primary intent from construction + labeling guide; single developer annotator. expected_action=ESCALATE (Account or billing requests need an authenticated specialist; the agent cannot take those actions.),Wed Oct 04 20:52:00 +0000 2017,AppleSupport,"@USER We can help look at a charge, but we cannot issue refunds on Twitter. Please DM the Apple ID email on the receipt (not a screenshot of your full card) and the date of the charge."
gold_165,10003126,@AppleSupport iCloud backup failed every night this week on Apple Watch,,backup_storage,AUTO_HANDLE,,Primary intent from construction + labeling guide; single developer annotator. expected_action=AUTO_HANDLE (Storage / backup explanation without confirmed data-loss language.),Sat Oct 07 01:57:00 +0000 2017,AppleSupport,"@USER iCloud storage numbers include Mail, backups, and iCloud Drive, not just photo count. Check Settings > [your name] > iCloud > Manage Storage and tell us what the biggest items are."
gold_166,10002728,@AppleSupport personal hotspot drains and disconnects when my laptop joins,,connectivity,AUTO_HANDLE,,Primary intent from construction + labeling guide; single developer annotator. expected_action=AUTO_HANDLE (Generic troubleshooting is historically handled in-thread without account access.),Fri Oct 06 07:24:00 +0000 2017,AppleSupport,"@USER For Bluetooth drops, forget the accessory, toggle Bluetooth, and pair again while the case is open. Which accessory and iOS version are we looking at?"
gold_167,10002064,@AppleSupport why was I charged for iCloud 50GB when I am still on 5GB free,,billing_subscription,ESCALATE,Account or billing requests need an authenticated specialist; the agent cannot take those actions.,Primary intent from construction + labeling guide; single developer annotator. expected_action=ESCALATE (Account or billing requests need an authenticated specialist; the agent cannot take those actions.),Thu Oct 05 00:22:00 +0000 2017,AppleSupport,"@USER We can help look at a charge, but we cannot issue refunds on Twitter. Please DM the Apple ID email on the receipt (not a screenshot of your full card) and the date of the charge."
gold_168,10000938,@AppleSupport iPhone 7 gets burning hot even when I'm just texting. This is so frustrating.,,hardware_device,ESCALATE,Hardware issues often require inspection; default to a human.,Primary intent from construction + labeling guide; single developer annotator. expected_action=ESCALATE (Hardware issues often require inspection; default to a human.),Mon Oct 02 19:52:00 +0000 2017,AppleSupport,"@USER Sorry your iPhone 8 is acting up. Try an untested cable and wall adapter that meets Apple spec. If it still will not charge, this likely needs a hardware check — we recommend an Apple Store / authorized service appointment."
gold_169,10004570,@AppleSupport how do I stop Notes from using cellular data,customer: @AppleSupport that did not work | brand: @USER Sorry it is not resolved yet. Let's try the next step.,how_to_feature,AUTO_HANDLE,,Primary intent from construction + labeling guide; single developer annotator. expected_action=AUTO_HANDLE (Information / how-to request that can be answered from public documentation patterns.),Mon Oct 09 22:03:00 +0000 2017,AppleSupport,"@USER Screen recording is in Control Center on iOS 10.3.3: Settings > Control Center > Customize, add Screen Recording."
gold_170,10004590,@AppleSupport how do I turn off Wi-Fi Assist on iOS 11.1?,customer: @AppleSupport still happening after I restarted | brand: @USER Thanks for the extra detail. We are still looking at this with you.,how_to_feature,AUTO_HANDLE,,Primary intent from construction + labeling guide; single developer annotator. expected_action=AUTO_HANDLE (Information / how-to request that can be answered from public documentation patterns.),Mon Oct 09 22:59:00 +0000 2017,AppleSupport,@USER You can turn off Wi-Fi Assist in Settings > Cellular > Wi-Fi Assist (near the bottom). That setting is on by default on iOS 11.0.
gold_171,10000594,"@AppleSupport after updating iPhone 7 to 11.1, Safari closes as soon as I open it",,ios_update_bug,AUTO_HANDLE,,Primary intent from construction + labeling guide; single developer annotator. expected_action=AUTO_HANDLE (Generic troubleshooting is historically handled in-thread without account access.),Mon Oct 02 03:46:00 +0000 2017,AppleSupport,"@USER Thanks for writing in. If Notes is crashing on iOS 11.1, please update that app from the App Store and test again. If it continues, we can look at a backup + restore path."
gold_172,10000318,@AppleSupport can I roll back from iOS 10.3.3? iPad crashing constantly,,ios_update_bug,AUTO_HANDLE,,Primary intent from construction + labeling guide; single developer annotator. expected_action=AUTO_HANDLE (Generic troubleshooting is historically handled in-thread without account access.),Sun Oct 01 14:56:00 +0000 2017,AppleSupport,"@USER Thanks for writing in. If Photos is crashing on iOS 11.0, please update that app from the App Store and test again. If it continues, we can look at a backup + restore path."
gold_173,10003978,@AppleSupport Apple Store said my Apple Watch Series 3 is ready but they cannot find it,,order_purchase,ESCALATE,Order lookup and shipping exceptions are account-specific.,Primary intent from construction + labeling guide; single developer annotator. expected_action=ESCALATE (Order lookup and shipping exceptions are account-specific.),Sun Oct 08 17:44:00 +0000 2017,AppleSupport,"@USER Damaged delivery: please photograph the box and serial if visible, and DM the order number. Do not continue setup if you want a replacement review. We cannot approve a replacement here."
gold_174,10002154,@AppleSupport why was I charged for iCloud 50GB when I am still on 5GB free,,billing_subscription,ESCALATE,Account or billing requests need an authenticated specialist; the agent cannot take those actions.,Primary intent from construction + labeling guide; single developer annotator. expected_action=ESCALATE (Account or billing requests need an authenticated specialist; the agent cannot take those actions.),Thu Oct 05 04:34:00 +0000 2017,AppleSupport,"@USER Unexpected App Store charges should be reviewed from reportaproblem.apple.com. If a purchase was accidental, start there. We cannot confirm a refund until that form is processed."
gold_175,10000080,@AppleSupport iOS 11.1 update failed and my iPad Pro is stuck on the Apple logo,customer: @AppleSupport still happening after I restarted | brand: @USER Sorry it is not resolved yet. Let's try the next step.,ios_update_bug,AUTO_HANDLE,,Primary intent from construction + labeling guide; single developer annotator. expected_action=AUTO_HANDLE (Generic troubleshooting is historically handled in-thread without account access.),Sun Oct 01 04:31:00 +0000 2017,AppleSupport,"@USER Thanks for writing in. If Camera is crashing on iOS 11.2, please update that app from the App Store and test again. If it continues, we can look at a backup + restore path."
gold_176,10001844,@AppleSupport duplicate iTunes charge on my card today. I only bought one album,,billing_subscription,ESCALATE,Account or billing requests need an authenticated specialist; the agent cannot take those actions.,Primary intent from construction + labeling guide; single developer annotator. expected_action=ESCALATE (Account or billing requests need an authenticated specialist; the agent cannot take those actions.),Wed Oct 04 14:06:00 +0000 2017,AppleSupport,"@USER For Apple Music / iCloud subscriptions, check Settings > [your name] > Subscriptions. If you already cancelled and were billed again, DM us the Apple ID email so a specialist can review."
gold_177,10002960,@AppleSupport LTE is stuck on 3G / no service with a full SIM. iPhone 7 Plus,customer: @AppleSupport still happening after I restarted | brand: @USER Sorry it is not resolved yet. Let's try the next step.,connectivity,AUTO_HANDLE,,Primary intent from construction + labeling guide; single developer annotator. expected_action=AUTO_HANDLE (Generic troubleshooting is historically handled in-thread without account access.),Fri Oct 06 18:55:00 +0000 2017,AppleSupport,@USER AirDrop needs Wi-Fi + Bluetooth on and the receiver set to Contacts Only or Everyone for 10 minutes. Are both devices signed into iCloud?
gold_178,10002566,@AppleSupport hotspot from iPad connects then loses internet immediately,,connectivity,AUTO_HANDLE,,Primary intent from construction + labeling guide; single developer annotator. expected_action=AUTO_HANDLE (Generic troubleshooting is historically handled in-thread without account access.),Thu Oct 05 23:49:00 +0000 2017,AppleSupport,"@USER For Bluetooth drops, forget the accessory, toggle Bluetooth, and pair again while the case is open. Which accessory and iOS version are we looking at?"
gold_179,10005228,@AppleSupport my nephew's school blocks iMessage. fix the school,,other,ESCALATE,Intent is unclear or off-topic; a human should decide whether to engage.,Third-party / off-topic; other. expected_action=ESCALATE (Intent is unclear or off-topic; a human should decide whether to engage.),Wed Oct 11 04:04:00 +0000 2017,AppleSupport,"@USER Thanks. If you need help with an Apple device, reply with the issue and the model."
gold_180,10002408,@AppleSupport cellular data barely works indoors on iPad Pro after nothing changed,,connectivity,AUTO_HANDLE,,Primary intent from construction + labeling guide; single developer annotator. expected_action=AUTO_HANDLE (Generic troubleshooting is historically handled in-thread without account access.),Thu Oct 05 16:28:00 +0000 2017,AppleSupport,"@USER If Wi-Fi is greyed out, try a force restart. If the toggle stays grey, that can be hardware or a deeper software fault — we may need a support ticket."
gold_181,10003528,@AppleSupport how do I recover contacts I lost when I set up iPhone 6 as new,,backup_storage,AUTO_HANDLE,,Primary intent from construction + labeling guide; single developer annotator. expected_action=AUTO_HANDLE (Information / how-to request that can be answered from public documentation patterns.),Sat Oct 07 20:44:00 +0000 2017,AppleSupport,"@USER Photos missing after a restore may still be in iCloud.com > Photos. Please check there before we assume data loss. If they are not, this needs a specialist — do not keep restoring."
gold_182,10003246,@AppleSupport iCloud backup failed every night this week on iPhone 6s,,backup_storage,AUTO_HANDLE,,Primary intent from construction + labeling guide; single developer annotator. expected_action=AUTO_HANDLE (Storage / backup explanation without confirmed data-loss language.),Sat Oct 07 07:33:00 +0000 2017,AppleSupport,"@USER Restore stuck: stay on Wi-Fi and power. If it does not move for several hours, we should look at a computer-based restore. Do you have a Mac or PC available?"
gold_183,10001138,@AppleSupport my iPhone 6s screen is unresponsive in the bottom third. hardware?,,hardware_device,ESCALATE,Hardware issues often require inspection; default to a human.,Primary intent from construction + labeling guide; single developer annotator. expected_action=ESCALATE (Hardware issues often require inspection; default to a human.),Tue Oct 03 05:12:00 +0000 2017,AppleSupport,"@USER Sorry your iPad is acting up. Try an untested cable and wall adapter that meets Apple spec. If it still will not charge, this likely needs a hardware check — we recommend an Apple Store / authorized service appointment."
gold_184,10000130,@AppleSupport Safari keeps crashing on iOS 11.0 iPhone 7,customer: @AppleSupport I already tried that yesterday | brand: @USER Sorry it is not resolved yet. Let's try the next step.,ios_update_bug,AUTO_HANDLE,,Primary intent from construction + labeling guide; single developer annotator. expected_action=AUTO_HANDLE (Generic troubleshooting is historically handled in-thread without account access.),Sun Oct 01 06:51:00 +0000 2017,AppleSupport,"@USER Thanks for writing in. If Notes is crashing on iOS 11.0, please update that app from the App Store and test again. If it continues, we can look at a backup + restore path."
gold_185,10003450,@AppleSupport iCloud says I am out of storage but I only have a few hundred photos,customer: @AppleSupport I already tried that yesterday | brand: @USER Thanks for the extra detail. We are still looking at this with you.,backup_storage,AUTO_HANDLE,,Primary intent from construction + labeling guide; single developer annotator. expected_action=AUTO_HANDLE (Storage / backup explanation without confirmed data-loss language.),Sat Oct 07 17:47:00 +0000 2017,AppleSupport,"@USER iCloud storage numbers include Mail, backups, and iCloud Drive, not just photo count. Check Settings > [your name] > iCloud > Manage Storage and tell us what the biggest items are."
gold_186,10004068,@AppleSupport Apple Store said my Apple Watch Series 3 is ready but they cannot find it,,order_purchase,ESCALATE,Order lookup and shipping exceptions are account-specific.,Primary intent from construction + labeling guide; single developer annotator. expected_action=ESCALATE (Order lookup and shipping exceptions are account-specific.),Sun Oct 08 21:56:00 +0000 2017,AppleSupport,"@USER Pickup emails sometimes lag. Check the Apple Store app under orders, or the Apple ID email. If the store cannot find it, DM us the reservation details."
gold_187,10001186,@AppleSupport speaker on iPhone 6s sounds crackly and the mic cuts out on calls,,hardware_device,ESCALATE,Hardware issues often require inspection; default to a human.,Primary intent from construction + labeling guide; single developer annotator. expected_action=ESCALATE (Hardware issues often require inspection; default to a human.),Tue Oct 03 07:25:00 +0000 2017,AppleSupport,"@USER Overheating while idle is not expected. Remove any case, check for background apps, and if it continues, stop using it and get it inspected — especially if the battery looks swollen."
gold_188,10002008,@AppleSupport I requested a refund 5 days ago and have heard nothing. still charged,,billing_subscription,ESCALATE,Account or billing requests need an authenticated specialist; the agent cannot take those actions.,Primary intent from construction + labeling guide; single developer annotator. expected_action=ESCALATE (Account or billing requests need an authenticated specialist; the agent cannot take those actions.),Wed Oct 04 21:48:00 +0000 2017,AppleSupport,@USER Duplicate charges: please keep the receipt emails and file via reportaproblem.apple.com. Do not post full card numbers here. We cannot reverse a bank charge from this channel.
gold_189,10001504,@AppleSupport I cannot sign in to iCloud on my new iPhone 6s. password is correct,,apple_id_icloud,ESCALATE,Account or billing requests need an authenticated specialist; the agent cannot take those actions.,Primary intent from construction + labeling guide; single developer annotator. expected_action=ESCALATE (Account or billing requests need an authenticated specialist; the agent cannot take those actions.),Tue Oct 03 22:14:00 +0000 2017,AppleSupport,"@USER For a locked Apple ID, start at iforgot.apple.com. If two-factor codes go to a phone you no longer have, you will need account recovery — that can take time and is not something we can bypass here."
gold_190,10003236,@AppleSupport restore from iCloud is stuck at 18% for hours,,backup_storage,AUTO_HANDLE,,Primary intent from construction + labeling guide; single developer annotator. expected_action=AUTO_HANDLE (Storage / backup explanation without confirmed data-loss language.),Sat Oct 07 07:05:00 +0000 2017,AppleSupport,"@USER We cannot roll iCloud backups backward to last week from this channel. If a newer backup overwrote the old one, a specialist has to review what (if anything) can be recovered."
gold_191,10001418,@AppleSupport keep getting Apple ID verification popups I cannot dismiss on iPhone 8,,apple_id_icloud,ESCALATE,Account or billing requests need an authenticated specialist; the agent cannot take those actions.,Primary intent from construction + labeling guide; single developer annotator. expected_action=ESCALATE (Account or billing requests need an authenticated specialist; the agent cannot take those actions.),Tue Oct 03 18:16:00 +0000 2017,AppleSupport,"@USER Please do not share passwords or security questions on Twitter. Reach us via DM with the Apple ID email only, and we will share the official recovery link."
gold_192,10000126,@AppleSupport ever since the iOS 10.3.3 update getting stuck on my iPhone 7,,ios_update_bug,AUTO_HANDLE,,Primary intent from construction + labeling guide; single developer annotator. expected_action=AUTO_HANDLE (Generic troubleshooting is historically handled in-thread without account access.),Sun Oct 01 05:57:00 +0000 2017,AppleSupport,@USER We'd like to help. Which iOS version is currently installed? You can find this in Settings > General > About. Also tell us the last step you tried.
gold_193,10001388,@AppleSupport keep getting apple ID verification popups i cannot dismiss on MacBook Pro,,apple_id_icloud,ESCALATE,Account or billing requests need an authenticated specialist; the agent cannot take those actions.,Primary intent from construction + labeling guide; single developer annotator. expected_action=ESCALATE (Account or billing requests need an authenticated specialist; the agent cannot take those actions.),Tue Oct 03 16:52:00 +0000 2017,AppleSupport,@USER We want to help with your Apple ID. Please DM us the Apple ID email address (not the password) so we can point you to the right iforgot.apple.com steps. We cannot unlock accounts on Twitter.
gold_194,10001990,@AppleSupport iCloud storage billed me after I turned it off. pls refund,customer: @AppleSupport still happening after I restarted | brand: @USER Thanks for the extra detail. We are still looking at this with you.,billing_subscription,ESCALATE,Account or billing requests need an authenticated specialist; the agent cannot take those actions.,Primary intent from construction + labeling guide; single developer annotator. expected_action=ESCALATE (Account or billing requests need an authenticated specialist; the agent cannot take those actions.),Wed Oct 04 21:39:00 +0000 2017,AppleSupport,"@USER Unexpected App Store charges should be reviewed from reportaproblem.apple.com. If a purchase was accidental, start there. We cannot confirm a refund until that form is processed."
gold_195,10003070,@AppleSupport not enough iCloud storage to backup and I already deleted videos,customer: @AppleSupport following up — no change | brand: @USER Sorry it is not resolved yet. Let's try the next step.,backup_storage,AUTO_HANDLE,,Primary intent from construction + labeling guide; single developer annotator. expected_action=AUTO_HANDLE (Storage / backup explanation without confirmed data-loss language.),Sat Oct 07 00:03:00 +0000 2017,AppleSupport,"@USER Restore stuck: stay on Wi-Fi and power. If it does not move for several hours, we should look at a computer-based restore. Do you have a Mac or PC available?"
gold_196,10002588,@AppleSupport cellular data barely works indoors on iPad Pro after nothing changed,,connectivity,AUTO_HANDLE,,Primary intent from construction + labeling guide; single developer annotator. expected_action=AUTO_HANDLE (Generic troubleshooting is historically handled in-thread without account access.),Fri Oct 06 00:52:00 +0000 2017,AppleSupport,"@USER Let's isolate Wi-Fi vs device. Forget the network (Settings > Wi-Fi > i), reboot the router, then rejoin. Does another device stay connected to the same network?"
gold_197,10002826,@AppleSupport CarPlay disconnects as soon as I start driving. iOS 11.0,,connectivity,AUTO_HANDLE,,Primary intent from construction + labeling guide; single developer annotator. expected_action=AUTO_HANDLE (Generic troubleshooting is historically handled in-thread without account access.),Fri Oct 06 11:57:00 +0000 2017,AppleSupport,"@USER Let's isolate Wi-Fi vs device. Forget the network (Settings > Wi-Fi > i), reboot the router, then rejoin. Does another device stay connected to the same network?"
gold_198,10000478,@AppleSupport Mail and Safari freeze on iOS 11.0.1. iPhone 6. this started after the update,,ios_update_bug,AUTO_HANDLE,,Primary intent from construction + labeling guide; single developer annotator. expected_action=AUTO_HANDLE (Generic troubleshooting is historically handled in-thread without account access.),Sun Oct 01 22:24:00 +0000 2017,AppleSupport,"@USER Let's check this. After the update, try a force restart (volume up, volume down, then hold the side button). Reply with what happens."
gold_199,10004868,@AppleSupport my nephew's school blocks iMessage. fix the school,,other,ESCALATE,Intent is unclear or off-topic; a human should decide whether to engage.,Third-party / off-topic; other. expected_action=ESCALATE (Intent is unclear or off-topic; a human should decide whether to engage.),Tue Oct 10 11:16:00 +0000 2017,AppleSupport,"@USER Thanks. If you need help with an Apple device, reply with the issue and the model."
gold_200,10005442,@AppleSupport phone is so slow and hot I thought it was iOS but I have not updated in months. iPhone 7,,hardware_device,ESCALATE,Hardware issues often require inspection; default to a human.,Primary intent from construction + labeling guide; single developer annotator. expected_action=ESCALATE (Hardware issues often require inspection; default to a human.),Wed Oct 11 14:34:00 +0000 2017,AppleSupport,"@USER Battery drain like that is worth checking. Settings > Battery shows usage. If health is unexpectedly low, a Genius Bar battery diagnostic is the next step. We cannot book that here."
